date,大白菜（中等）集贸市场价格当期值(元/公斤),大白菜（中等）集贸市场价格环比增长(%),大白菜（中等）集贸市场价格同比增长(%),黄瓜（中等）集贸市场价格当期值(元/公斤),黄瓜（中等）集贸市场价格环比增长(%),黄瓜（中等）集贸市场价格同比增长(%),西红柿（中等）集贸市场价格当期值(元/公斤),西红柿（中等）集贸市场价格环比增长(%),西红柿（中等）集贸市场价格同比增长(%),菜椒（中等）集贸市场价格当期值(元/公斤),菜椒（中等）集贸市场价格环比增长(%),菜椒（中等）集贸市场价格同比增长(%),四季豆（中等）集贸市场价格当期值(元/公斤),四季豆（中等）集贸市场价格环比增长(%),四季豆（中等）集贸市场价格同比增长(%),红富士苹果（中等）集贸市场价格当期值(元/公斤),红富士苹果（中等）集贸市场价格环比增长(%),红富士苹果（中等）集贸市场价格同比增长(%),香蕉（中等）集贸市场价格当期值(元/公斤),香蕉（中等）集贸市场价格环比增长(%),香蕉（中等）集贸市场价格同比增长(%),橙子（中等）集贸市场价格当期值(元/公斤),橙子（中等）集贸市场价格环比增长(%),橙子（中等）集贸市场价格同比增长(%),棉花[籽棉]（中准级）集贸市场价格当期值(元/公斤),棉花[籽棉]（中准级）集贸市场价格环比增长(%),棉花[籽棉]（中准级）集贸市场价格同比增长(%),花生仁（中等）集贸市场价格当期值(元/公斤),花生仁（中等）集贸市场价格环比增长(%),花生仁（中等）集贸市场价格同比增长(%),油菜籽（普通）集贸市场价格当期值(元/公斤),油菜籽（普通）集贸市场价格环比增长(%),油菜籽（普通）集贸市场价格同比增长(%),籼稻（中等）集贸市场价格当期值(元/公斤),籼稻（中等）集贸市场价格环比增长(%),籼稻（中等）集贸市场价格同比增长(%),粳稻（中等）集贸市场价格当期值(元/公斤),粳稻（中等）集贸市场价格环比增长(%),粳稻（中等）集贸市场价格同比增长(%),小麦（中等）集贸市场价格当期值(元/公斤),小麦（中等）集贸市场价格环比增长(%),小麦（中等）集贸市场价格同比增长(%),玉米（中等）集贸市场价格当期值(元/公斤),玉米（中等）集贸市场价格环比增长(%),玉米（中等）集贸市场价格同比增长(%),大豆（中等）集贸市场价格当期值(元/公斤),大豆（中等）集贸市场价格环比增长(%),大豆（中等）集贸市场价格同比增长(%),籼米（中等）集贸市场价格当期值(元/公斤),籼米（中等）集贸市场价格环比增长(%),籼米（中等）集贸市场价格同比增长(%),粳米（中等）集贸市场价格当期值(元/公斤),粳米（中等）集贸市场价格环比增长(%),粳米（中等）集贸市场价格同比增长(%),籼稻（中等）集贸市场价格当期值(元/公斤),籼稻（中等）集贸市场价格环比增长(%),籼稻（中等）集贸市场价格同比增长(%),粳稻（中等）集贸市场价格当期值(元/公斤),粳稻（中等）集贸市场价格环比增长(%),粳稻（中等）集贸市场价格同比增长(%),小麦（中等）集贸市场价格当期值(元/公斤),小麦（中等）集贸市场价格环比增长(%),小麦（中等）集贸市场价格同比增长(%),玉米（中等）集贸市场价格当期值(元/公斤),玉米（中等）集贸市场价格环比增长(%),玉米（中等）集贸市场价格同比增长(%),大豆（中等）集贸市场价格当期值(元/公斤),大豆（中等）集贸市场价格环比增长(%),大豆（中等）集贸市场价格同比增长(%),籼米（中等）集贸市场价格当期值(元/公斤),籼米（中等）集贸市场价格环比增长(%),籼米（中等）集贸市场价格同比增长(%),粳米（中等）集贸市场价格当期值(元/公斤),粳米（中等）集贸市场价格环比增长(%),粳米（中等）集贸市场价格同比增长(%)
2025年02月,2.4,-6.0,-14.8,6.49,-17.6,-18.9,7.47,-5.9,-12.7,7.82,-15.0,-21.3,12.54,-9.5,-13.6,11.06,-0.9,-5.5,7.36,2.0,10.4,9.98,-2.1,-4.6,7.36,-0.7,-5.6,14.02,-0.8,-5.2,6.39,2.5,-0.1,2.94,-0.2,-2.2,3.16,0.2,-5.9,2.81,0.1,-9.2,2.37,1.1,-10.2,7.17,-0.1,-5.8,5.24,-0.1,-1.6,5.8,-0.2,-1.1,2.94,-0.2,-2.2,3.16,0.2,-5.9,2.81,0.1,-9.2,2.37,1.1,-10.2,7.17,-0.1,-5.8,5.24,-0.1,-1.6,5.8,-0.2,-1.1
2025年01月,2.55,2.4,7.8,7.87,17.1,1.8,7.93,4.5,-10.4,9.2,9.8,5.6,13.86,14.0,11.9,11.17,2.2,-3.3,7.21,3.6,9.5,10.2,-0.7,-4.0,7.42,0.9,-5.2,14.12,0.3,-4.6,6.23,0.7,-2.7,2.94,0.4,-2.1,3.15,-1.2,-5.8,2.81,-0.3,-9.7,2.35,0.1,-12.1,7.18,-0.2,-5.9,5.24,-0.1,-1.8,5.82,0.2,-1.3,2.94,0.4,-2.1,3.15,-1.2,-5.8,2.81,-0.3,-9.7,2.35,0.1,-12.1,7.18,-0.2,-5.9,5.24,-0.1,-1.8,5.82,0.2,-1.3
2024年12月,2.49,-6.6,5.3,6.72,-3.3,-15.3,7.59,-7.6,-12.2,8.38,-4.8,3.3,12.16,4.5,-2.4,10.93,-0.1,-4.8,6.96,-4.0,3.3,10.27,-5.5,-8.7,7.35,-1.0,-5.1,14.08,-0.5,-5.3,6.18,-0.6,-5.0,2.93,-0.0,-3.0,3.19,-0.6,-5.5,2.81,-0.5,-10.8,2.35,-1.4,-14.9,7.19,-0.7,-6.4,5.25,-0.1,-1.7,5.81,-0.1,-1.4,2.93,-0.0,-3.0,3.19,-0.6,-5.5,2.81,-0.5,-10.8,2.35,-1.4,-14.9,7.19,-0.7,-6.4,5.25,-0.1,-1.7,5.81,-0.1,-1.4
2024年11月,2.67,-21.5,12.2,6.95,11.6,-7.9,8.22,-13.6,17.6,8.79,-16.4,29.6,11.63,-1.3,-2.8,10.94,-2.2,-5.3,7.25,-6.2,7.1,10.87,-5.6,-8.3,7.42,0.1,-4.7,14.15,-0.6,-5.3,6.22,0.0,-4.2,2.93,0.0,-2.7,3.21,-1.2,-5.6,2.83,-0.4,-10.7,2.38,-0.8,-15.6,7.25,-1.0,-6.1,5.25,-0.2,-1.5,5.82,-0.2,-1.2,2.93,0.0,-2.7,3.21,-1.2,-5.6,2.83,-0.4,-10.7,2.38,-0.8,-15.6,7.25,-1.0,-6.1,5.25,-0.2,-1.5,5.82,-0.2,-1.2
2024年10月,3.4,-19.4,19.3,6.23,-14.1,0.5,9.51,-1.8,48.6,10.52,-5.1,54.9,11.78,-8.8,3.2,11.19,-3.5,-4.9,7.73,-0.1,12.2,11.51,-0.5,-9.7,7.41,-1.3,-6.4,14.24,-1.5,-6.3,6.22,-0.5,-4.2,2.93,-0.7,-2.3,3.25,-1.5,-3.0,2.84,0.0,-10.7,2.4,-2.4,-16.1,7.32,-1.3,-5.4,5.26,-0.2,-1.3,5.83,-0.3,-0.7,2.93,-0.7,-2.3,3.25,-1.5,-3.0,2.84,0.0,-10.7,2.4,-2.4,-16.1,7.32,-1.3,-5.4,5.26,-0.2,-1.3,5.83,-0.3,-0.7
2024年09月,4.22,0.7,27.9,7.25,-3.2,19.4,9.68,34.4,62.1,11.08,28.7,59.0,12.92,5.2,16.8,11.59,0.0,-5.4,7.74,3.3,9.3,11.57,3.3,-10.9,7.51,-1.7,-2.7,14.46,-0.8,-7.5,6.25,-0.8,-3.1,2.95,-0.3,-0.7,3.3,-0.6,0.0,2.84,-0.4,-10.4,2.46,-2.8,-16.3,7.42,-0.8,-5.1,5.27,-0.2,-0.9,5.85,-0.2,0.2,2.95,-0.3,-0.7,3.3,-0.6,0.0,2.84,-0.4,-10.4,2.46,-2.8,-16.3,7.42,-0.8,-5.1,5.27,-0.2,-0.9,5.85,-0.2,0.2
2024年08月,4.19,35.2,25.1,7.49,14.2,46.3,7.2,27.0,26.3,8.61,16.2,29.3,12.28,24.9,18.4,11.59,1.0,-6.2,7.49,6.1,5.3,11.2,3.9,-12.2,7.64,-0.8,1.3,14.58,-0.1,-7.2,6.3,-0.2,-2.3,2.96,-0.3,0.0,3.32,0.3,1.2,2.85,-0.7,-9.2,2.53,-1.9,-14.5,7.48,0.3,-4.1,5.28,-0.2,-0.6,5.86,-0.2,0.7,2.96,-0.3,0.0,3.32,0.3,1.2,2.85,-0.7,-9.2,2.53,-1.9,-14.5,7.48,0.3,-4.1,5.28,-0.2,-0.6,5.86,-0.2,0.7
2024年07月,3.1,4.4,-7.2,6.56,40.8,39.0,5.67,8.4,-6.0,7.41,14.2,9.0,9.83,9.7,-3.2,11.48,2.0,-7.4,7.06,5.7,-0.8,10.78,5.8,-14.1,7.7,0.0,2.5,14.6,-0.5,-5.3,6.31,0.5,-2.0,2.97,-1.0,0.7,3.31,-0.3,1.5,2.87,-1.0,-7.1,2.58,0.0,-11.3,7.46,0.1,-4.1,5.29,-0.2,-0.6,5.87,0.2,1.0,2.97,-1.0,0.7,3.31,-0.3,1.5,2.87,-1.0,-7.1,2.58,0.0,-11.3,7.46,0.1,-4.1,5.29,-0.2,-0.6,5.87,0.2,1.0
2024年06月,2.97,-4.5,-12.1,4.66,1.3,-1.3,5.23,-23.1,-13.4,6.49,-10.1,-8.7,8.96,-5.2,-10.3,11.25,0.0,-7.2,6.68,0.6,-11.6,10.19,2.0,-17.2,7.7,-0.5,2.3,14.67,-0.5,-3.8,6.28,0.0,-1.7,3.0,-0.3,1.4,3.32,-0.9,2.2,2.9,-1.7,-6.1,2.58,0.8,-10.4,7.45,-0.5,-4.1,5.3,0.0,-0.4,5.86,0.2,1.0,3.0,-0.3,1.4,3.32,-0.9,2.2,2.9,-1.7,-6.1,2.58,0.8,-10.4,7.45,-0.5,-4.1,5.3,0.0,-0.4,5.86,0.2,1.0
2024年05月,3.11,-5.8,9.1,4.6,-22.3,-11.5,6.8,-3.5,3.0,7.22,-11.4,-8.4,9.45,-23.4,-9.0,11.25,-1.1,-4.8,6.64,3.8,-13.9,9.99,0.7,-18.4,7.74,-0.5,2.1,14.74,-0.3,-1.9,6.28,-1.6,-2.0,3.01,0.3,1.7,3.35,-0.3,2.8,2.95,-1.7,-6.1,2.56,0.0,-10.8,7.49,-0.4,-4.1,5.3,0.0,-0.2,5.85,-0.2,0.9,3.01,0.3,1.7,3.35,-0.3,2.8,2.95,-1.7,-6.1,2.56,0.0,-10.8,7.49,-0.4,-4.1,5.3,0.0,-0.2,5.85,-0.2,0.9
2024年04月,3.3,9.3,25.0,5.92,-19.0,-2.1,7.05,-0.4,-13.6,8.15,-9.6,-5.3,12.34,-15.1,-0.5,11.38,-2.0,-1.5,6.4,-3.9,-17.4,9.92,-2.5,-18.6,7.78,-0.3,2.4,14.79,0.0,0.5,6.38,-0.5,-0.6,3.0,-0.3,1.4,3.36,0.0,2.8,3.0,-1.6,-7.1,2.56,-1.9,-11.4,7.52,-0.8,-4.0,5.3,-0.4,0.0,5.86,-0.2,1.0,3.0,-0.3,1.4,3.36,0.0,2.8,3.0,-1.6,-7.1,2.56,-1.9,-11.4,7.52,-0.8,-4.0,5.3,-0.4,0.0,5.86,-0.2,1.0
2024年03月,3.02,7.1,14.0,7.31,-8.6,-6.3,7.08,-17.3,-21.9,9.02,-9.3,-14.4,14.54,0.1,1.9,11.61,-0.9,1.8,6.66,-0.1,-14.1,10.17,-2.8,-15.6,7.8,0.0,0.8,14.79,0.0,1.4,6.41,0.3,-0.3,3.01,0.3,1.7,3.36,0.0,2.4,3.05,-1.3,-7.3,2.61,-1.1,-10.0,7.58,-0.4,-3.7,5.32,0.0,0.4,5.87,0.0,1.2,3.01,0.3,1.7,3.36,0.0,2.4,3.05,-1.3,-7.3,2.61,-1.1,-10.0,7.58,-0.4,-3.7,5.32,0.0,0.4,5.87,0.0,1.2
2024年02月,2.82,19.0,8.9,8.0,3.4,-17.3,8.56,-3.3,7.3,9.94,14.1,-10.0,14.53,17.3,-10.1,11.71,1.4,3.5,6.67,1.2,-10.7,10.46,-1.5,-12.5,7.8,-0.4,1.8,14.79,-0.1,2.8,6.39,-0.2,-0.8,3.0,-0.3,1.4,3.36,0.3,2.4,3.09,-0.6,-6.9,2.64,-1.1,-9.3,7.61,-0.3,-3.7,5.32,-0.4,0.6,5.87,-0.5,1.4,3.0,-0.3,1.4,3.36,0.3,2.4,3.09,-0.6,-6.9,2.64,-1.1,-9.3,7.61,-0.3,-3.7,5.32,-0.4,0.6,5.87,-0.5,1.4
2024年01月,2.37,0.0,-17.4,7.74,-2.5,-30.8,8.85,2.3,3.8,8.71,7.4,-21.5,12.39,-0.6,-32.5,11.55,0.5,-0.1,6.59,-2.2,-14.5,10.62,-5.6,-15.0,7.83,1.2,1.0,14.81,-0.4,3.2,6.4,-1.7,0.5,3.01,-0.3,1.7,3.35,-0.9,2.4,3.11,-1.3,-6.9,2.67,-3.3,-8.2,7.63,-0.8,-3.9,5.34,0.0,0.6,5.9,0.2,1.7,3.01,-0.3,1.7,3.35,-0.9,2.4,3.11,-1.3,-6.9,2.67,-3.3,-8.2,7.63,-0.8,-3.9,5.34,0.0,0.6,5.9,0.2,1.7
2023年12月,2.37,-0.4,-9.2,7.94,5.2,-2.8,8.65,23.7,19.1,8.11,19.6,2.7,12.46,4.1,-8.7,11.49,-0.5,4.2,6.74,-0.4,-4.3,11.25,-5.1,-6.3,7.74,-0.6,-1.0,14.87,-0.5,4.6,6.51,0.3,2.0,3.02,0.3,2.4,3.38,-0.6,4.0,3.15,-0.6,-5.7,2.76,-2.1,-5.5,7.69,-0.4,-2.9,5.34,0.2,1.1,5.89,0.0,1.6,3.02,0.3,2.4,3.38,-0.6,4.0,3.15,-0.6,-5.7,2.76,-2.1,-5.5,7.69,-0.4,-2.9,5.34,0.2,1.1,5.89,0.0,1.6
2023年11月,2.38,-16.5,-12.2,7.55,21.8,0.5,6.99,9.2,-4.6,6.78,-0.1,-14.1,11.97,4.8,13.2,11.55,-1.9,4.1,6.77,-1.7,-0.4,11.85,-7.0,2.2,7.79,-1.6,-0.4,14.94,-1.7,5.1,6.49,0.0,2.9,3.01,0.3,2.0,3.4,1.5,4.9,3.17,-0.3,-6.5,2.82,-1.4,-4.1,7.72,-0.3,-1.9,5.33,0.0,0.0,5.89,0.3,1.9,3.01,0.3,2.0,3.4,1.5,4.9,3.17,-0.3,-6.5,2.82,-1.4,-4.1,7.72,-0.3,-1.9,5.33,0.0,0.0,5.89,0.3,1.9
2023年10月,2.85,-13.6,-14.9,6.2,2.1,-3.3,6.4,7.2,-24.2,6.79,-2.6,-25.8,11.42,3.3,0.2,11.77,-3.9,6.1,6.89,-2.7,1.9,12.74,-1.8,6.3,7.92,2.6,0.3,15.2,-2.8,8.1,6.49,0.6,2.5,3.0,1.0,2.4,3.35,1.5,3.4,3.18,0.3,-4.2,2.86,-2.7,-1.4,7.74,-1.0,-2.1,5.33,0.2,0.8,5.87,0.5,1.2,3.0,1.0,2.4,3.35,1.5,3.4,3.18,0.3,-4.2,2.86,-2.7,-1.4,7.74,-1.0,-2.1,5.33,0.2,0.8,5.87,0.5,1.2
2023年09月,3.3,-1.5,-11.5,6.07,18.6,4.3,5.97,4.7,-7.6,6.97,4.7,-24.6,11.06,6.7,-1.4,12.25,-0.9,8.3,7.08,-0.4,5.8,12.98,1.8,7.4,7.72,2.4,-6.4,15.64,-0.4,12.9,6.45,0.0,2.1,2.97,0.3,2.8,3.3,0.6,3.1,3.17,1.0,-1.2,2.94,-0.7,2.1,7.82,0.3,-0.9,5.32,0.2,1.5,5.84,0.3,1.6,2.97,0.3,2.8,3.3,0.6,3.1,3.17,1.0,-1.2,2.94,-0.7,2.1,7.82,0.3,-0.9,5.32,0.2,1.5,5.84,0.3,1.6
2023年08月,3.35,0.3,-7.7,5.12,8.5,-30.4,5.7,-5.5,-3.9,6.66,-2.1,-16.0,10.37,2.2,-5.0,12.36,-0.3,10.1,7.11,-0.1,4.4,12.75,1.6,6.5,7.54,0.4,-9.2,15.71,1.9,14.6,6.45,0.2,2.5,2.96,0.3,1.7,3.28,0.6,2.2,3.14,1.6,-3.7,2.96,1.7,2.4,7.8,0.3,-0.6,5.31,-0.2,0.8,5.82,0.2,0.9,2.96,0.3,1.7,3.28,0.6,2.2,3.14,1.6,-3.7,2.96,1.7,2.4,7.8,0.3,-0.6,5.31,-0.2,0.8,5.82,0.2,0.9
2023年07月,3.34,-1.2,-2.6,4.72,0.0,-19.9,6.03,-0.2,-1.5,6.8,-4.4,-16.2,10.15,1.6,1.8,12.4,2.3,11.6,7.12,-5.8,3.0,12.55,2.0,6.4,7.51,-0.3,-10.6,15.41,1.0,13.1,6.44,0.8,2.9,2.95,-0.3,1.4,3.26,0.3,1.2,3.09,0.0,-4.3,2.91,1.0,0.3,7.78,0.1,-0.8,5.32,0.0,1.3,5.81,0.2,0.9,2.95,-0.3,1.4,3.26,0.3,1.2,3.09,0.0,-4.3,2.91,1.0,0.3,7.78,0.1,-0.8,5.32,0.0,1.3,5.81,0.2,0.9
2023年06月,3.38,18.6,6.6,4.72,-9.2,11.8,6.04,-8.5,9.4,7.11,-9.8,5.3,9.99,-3.8,16.4,12.12,2.5,11.0,7.56,-1.9,3.4,12.3,0.4,7.9,7.53,-0.7,-10.9,15.25,1.5,11.9,6.39,-0.3,1.8,2.96,0.0,1.4,3.25,-0.3,1.2,3.09,-1.6,-4.0,2.88,0.3,-1.0,7.77,-0.5,-0.6,5.32,0.2,1.5,5.8,0.0,1.0,2.96,0.0,1.4,3.25,-0.3,1.2,3.09,-1.6,-4.0,2.88,0.3,-1.0,7.77,-0.5,-0.6,5.32,0.2,1.5,5.8,0.0,1.0
2023年05月,2.85,8.0,-16.2,5.2,-14.1,6.8,6.6,-19.1,-8.7,7.88,-8.5,4.2,10.39,-16.2,7.3,11.82,2.3,12.6,7.71,-0.5,-1.2,12.25,0.6,10.9,7.58,-0.3,-9.9,15.03,2.2,10.4,6.41,-0.2,3.6,2.96,0.0,1.7,3.26,-0.3,2.8,3.14,-2.8,-1.6,2.87,-0.7,0.0,7.81,-0.3,0.3,5.31,0.2,1.7,5.8,0.0,1.1,2.96,0.0,1.7,3.26,-0.3,2.8,3.14,-2.8,-1.6,2.87,-0.7,0.0,7.81,-0.3,0.3,5.31,0.2,1.7,5.8,0.0,1.1
2023年04月,2.64,-0.4,-33.8,6.05,-22.4,-5.8,8.16,-10.0,-7.1,8.61,-18.3,-14.7,12.4,-13.1,-4.2,11.55,1.3,13.1,7.75,0.0,-1.1,12.18,1.1,15.8,7.6,-1.8,-6.6,14.71,0.9,9.1,6.42,-0.2,6.5,2.96,0.0,2.4,3.27,-0.3,3.5,3.23,-1.8,2.5,2.89,-0.3,1.4,7.83,-0.5,1.2,5.3,0.0,1.3,5.8,0.0,1.0,2.96,0.0,2.4,3.27,-0.3,3.5,3.23,-1.8,2.5,2.89,-0.3,1.4,7.83,-0.5,1.2,5.3,0.0,1.3,5.8,0.0,1.0
2023年03月,2.65,2.3,-34.2,7.8,-19.3,-18.5,9.07,13.7,-5.6,10.54,-4.5,-15.9,14.27,-11.8,-17.4,11.4,0.8,14.6,7.75,3.7,2.1,12.05,0.8,18.6,7.74,1.0,-6.9,14.58,1.3,8.4,6.43,-0.2,7.5,2.96,0.0,2.1,3.28,0.0,3.5,3.29,-0.9,5.8,2.9,-0.3,2.5,7.87,-0.4,2.1,5.3,0.2,1.7,5.8,0.2,1.2,2.96,0.0,2.1,3.28,0.0,3.5,3.29,-0.9,5.8,2.9,-0.3,2.5,7.87,-0.4,2.1,5.3,0.2,1.7,5.8,0.2,1.2
2023年02月,2.59,-9.8,-21.5,9.67,-13.5,8.0,7.98,-6.4,-23.5,11.04,-0.5,4.7,16.17,-11.9,4.1,11.31,-2.2,16.5,7.47,-3.1,-1.8,11.95,-4.3,16.0,7.66,-1.2,-7.8,14.39,0.3,6.7,6.44,1.1,7.2,2.96,0.0,2.4,3.28,0.3,4.8,3.32,-0.6,12.2,2.91,0.0,6.2,7.9,-0.5,3.7,5.29,-0.4,1.5,5.79,-0.2,1.2,2.96,0.0,2.4,3.28,0.3,4.8,3.32,-0.6,12.2,2.91,0.0,6.2,7.9,-0.5,3.7,5.29,-0.4,1.5,5.79,-0.2,1.2
2023年01月,2.87,10.0,-13.8,11.18,36.8,-1.2,8.53,17.5,-23.8,11.1,40.5,-3.3,18.35,34.4,26.6,11.56,4.8,18.7,7.71,9.5,3.1,12.49,4.0,21.5,7.75,-0.9,-6.4,14.35,1.0,5.4,6.37,-0.2,6.2,2.96,0.3,2.1,3.27,0.6,3.8,3.34,0.0,13.6,2.91,-0.3,6.6,7.94,0.3,4.7,5.31,0.6,1.9,5.8,0.0,1.2,2.96,0.3,2.1,3.27,0.6,3.8,3.34,0.0,13.6,2.91,-0.3,6.6,7.94,0.3,4.7,5.31,0.6,1.9,5.8,0.0,1.2
2022年12月,2.61,-3.7,-21.4,8.17,8.8,-1.7,7.26,-1.0,-13.8,7.9,0.1,-14.9,13.65,29.1,10.5,11.03,-0.5,17.1,7.04,3.5,5.9,12.01,3.5,15.5,7.82,0.0,-2.4,14.21,0.0,4.3,6.38,1.1,6.2,2.95,0.0,1.7,3.25,0.3,2.8,3.34,-1.5,14.8,2.92,-0.7,6.6,7.92,0.6,4.8,5.28,-0.9,1.3,5.8,0.3,1.0,2.95,0.0,1.7,3.25,0.3,2.8,3.34,-1.5,14.8,2.92,-0.7,6.6,7.92,0.6,4.8,5.28,-0.9,1.3,5.8,0.3,1.0
2022年11月,2.71,-19.1,-29.2,7.51,17.2,-22.6,7.33,-13.2,-7.2,7.89,-13.8,-20.6,10.57,-7.3,-21.3,11.09,0.0,19.5,6.8,0.6,7.8,11.6,-3.2,6.3,7.82,-1.0,-1.3,14.21,1.1,3.7,6.31,-0.3,4.6,2.95,0.7,2.1,3.24,0.0,1.9,3.39,2.1,16.9,2.94,1.4,7.3,7.87,-0.5,5.6,5.33,0.8,2.3,5.78,-0.3,1.0,2.95,0.7,2.1,3.24,0.0,1.9,3.39,2.1,16.9,2.94,1.4,7.3,7.87,-0.5,5.6,5.33,0.8,2.3,5.78,-0.3,1.0
2022年10月,3.35,-10.2,-11.8,6.41,10.1,-34.4,8.44,30.7,11.5,9.15,-1.1,9.3,11.4,1.6,-12.8,11.09,-1.9,19.2,6.76,1.0,15.8,11.98,-0.9,4.9,7.9,-4.2,1.9,14.06,1.5,3.1,6.33,0.2,6.2,2.93,1.4,1.7,3.24,1.3,1.6,3.32,3.4,16.5,2.9,0.7,7.8,7.91,0.3,7.8,5.29,1.0,1.5,5.8,0.9,1.8,2.93,1.4,1.7,3.24,1.3,1.6,3.32,3.4,16.5,2.9,0.7,7.8,7.91,0.3,7.8,5.29,1.0,1.5,5.8,0.9,1.8
2022年09月,3.73,2.8,10.7,5.82,-20.9,-4.3,6.46,8.9,2.9,9.25,16.6,32.0,11.22,2.7,14.8,11.31,0.7,19.4,6.69,-1.8,13.0,12.09,1.0,8.3,8.25,-0.6,11.0,13.85,1.0,1.5,6.32,0.5,6.6,2.89,-0.7,-0.3,3.2,-0.3,0.3,3.21,-1.5,13.4,2.88,-0.3,4.7,7.89,0.5,8.5,5.24,-0.6,0.4,5.75,-0.3,0.9,2.89,-0.7,-0.3,3.2,-0.3,0.3,3.21,-1.5,13.4,2.88,-0.3,4.7,7.89,0.5,8.5,5.24,-0.6,0.4,5.75,-0.3,0.9
2022年08月,3.63,5.8,1.4,7.36,25.0,40.5,5.93,-3.1,1.0,7.93,-2.2,23.1,10.92,9.5,14.1,11.23,1.1,17.8,6.81,-1.4,10.2,11.97,1.4,9.1,8.3,-1.2,12.3,13.71,0.6,0.6,6.29,0.5,6.8,2.91,0.0,-0.7,3.21,-0.3,-0.6,3.26,0.9,15.2,2.89,-0.3,2.1,7.85,0.1,7.8,5.27,0.4,1.5,5.77,0.2,1.1,2.91,0.0,-0.7,3.21,-0.3,-0.6,3.26,0.9,15.2,2.89,-0.3,2.1,7.85,0.1,7.8,5.27,0.4,1.5,5.77,0.2,1.1
2022年07月,3.43,8.2,12.5,5.89,39.6,17.1,6.12,10.9,24.6,8.11,20.1,34.7,9.97,16.2,13.0,11.11,1.7,17.4,6.91,-5.5,12.9,11.8,3.5,10.6,8.4,-0.6,13.1,13.63,0.0,-0.2,6.26,-0.3,6.3,2.91,-0.3,-1.4,3.22,0.3,0.0,3.23,0.3,14.5,2.9,-0.3,2.5,7.84,0.3,7.8,5.25,0.2,1.2,5.76,0.3,0.9,2.91,-0.3,-1.4,3.22,0.3,0.0,3.23,0.3,14.5,2.9,-0.3,2.5,7.84,0.3,7.8,5.25,0.2,1.2,5.76,0.3,0.9
2022年06月,3.17,-6.8,7.8,4.22,-13.4,-9.8,5.52,-23.7,14.1,6.75,-10.7,15.8,8.58,-11.4,4.0,10.92,4.0,16.9,7.31,-6.3,23.1,11.4,3.2,13.1,8.45,0.5,15.1,13.63,0.2,-0.9,6.28,1.5,6.1,2.92,0.3,-1.7,3.21,1.3,-1.2,3.22,0.9,14.6,2.91,1.4,1.4,7.82,0.4,8.2,5.24,0.4,0.6,5.74,0.0,0.7,2.92,0.3,-1.7,3.21,1.3,-1.2,3.22,0.9,14.6,2.91,1.4,1.4,7.82,0.4,8.2,5.24,0.4,0.6,5.74,0.0,0.7
2022年05月,3.4,-14.8,20.6,4.87,-24.1,0.6,7.23,-17.7,35.4,7.56,-25.1,14.0,9.68,-25.3,6.3,10.5,2.8,11.7,7.8,-0.5,26.6,11.05,5.0,11.1,8.41,3.3,14.6,13.61,1.0,-1.7,6.19,2.7,5.1,2.91,0.7,-2.3,3.17,0.3,-1.9,3.19,1.3,13.1,2.87,0.7,0.3,7.79,0.6,7.9,5.22,-0.2,0.0,5.74,0.0,0.5,2.91,0.7,-2.3,3.17,0.3,-1.9,3.19,1.3,13.1,2.87,0.7,0.3,7.79,0.6,7.9,5.22,-0.2,0.0,5.74,0.0,0.5
2022年04月,3.99,-1.0,36.2,6.42,-32.9,23.2,8.78,-8.6,51.9,10.09,-19.5,39.0,12.95,-25.1,24.4,10.21,2.6,6.4,7.84,3.3,25.4,10.52,3.5,8.8,8.14,-2.0,10.4,13.48,0.2,-3.3,6.03,0.8,4.1,2.89,-0.3,-3.3,3.16,-0.3,-2.5,3.15,1.3,11.7,2.85,0.7,0.7,7.74,0.4,7.6,5.23,0.4,0.0,5.74,0.2,0.5,2.89,-0.3,-3.3,3.16,-0.3,-2.5,3.15,1.3,11.7,2.85,0.7,0.7,7.74,0.4,7.6,5.23,0.4,0.0,5.74,0.2,0.5
2022年03月,4.03,22.1,33.9,9.57,6.9,43.9,9.61,-7.9,62.3,12.54,19.0,46.0,17.28,11.3,34.4,9.95,2.5,1.5,7.59,-0.3,15.5,10.16,-1.4,5.3,8.31,0.0,19.4,13.45,-0.3,-3.8,5.98,-0.5,3.3,2.9,0.3,-2.4,3.17,1.3,-2.8,3.11,5.1,10.7,2.83,3.3,0.7,7.71,1.2,6.5,5.21,0.0,-0.4,5.73,0.2,0.2,2.9,0.3,-2.4,3.17,1.3,-2.8,3.11,5.1,10.7,2.83,3.3,0.7,7.71,1.2,6.5,5.21,0.0,-0.4,5.73,0.2,0.2
2022年02月,3.3,-0.9,9.3,8.95,-20.9,29.9,10.43,-6.8,62.5,10.54,-8.2,-2.7,15.53,7.1,7.3,9.71,-0.3,-2.0,7.61,1.7,15.3,10.3,0.2,3.6,8.31,0.4,20.4,13.49,-1.0,-3.5,6.01,0.2,4.2,2.89,-0.3,-3.7,3.13,-0.6,-4.3,2.96,0.7,5.3,2.74,0.4,-1.8,7.62,0.5,6.0,5.21,0.0,-0.4,5.72,-0.2,0.2,2.89,-0.3,-3.7,3.13,-0.6,-4.3,2.96,0.7,5.3,2.74,0.4,-1.8,7.62,0.5,6.0,5.21,0.0,-0.4,5.72,-0.2,0.2
2022年01月,3.33,0.3,-2.1,11.32,36.2,55.5,11.19,32.9,53.5,11.48,23.7,-10.0,14.5,17.4,15.4,9.74,3.4,-0.7,7.48,12.5,25.3,10.28,-1.2,4.9,8.28,3.4,19.5,13.62,0.0,-1.9,6.0,-0.2,3.4,2.9,0.0,-2.7,3.15,-0.3,-4.0,2.94,1.0,5.0,2.73,-0.4,0.0,7.58,0.3,6.5,5.21,0.0,0.2,5.73,-0.2,0.4,2.9,0.0,-2.7,3.15,-0.3,-4.0,2.94,1.0,5.0,2.73,-0.4,0.0,7.58,0.3,6.5,5.21,0.0,0.2,5.73,-0.2,0.4
2021年12月,3.32,-13.3,26.2,8.31,-14.3,29.6,8.42,6.6,18.9,9.28,-6.6,-4.5,12.35,-8.0,11.2,9.42,1.5,-2.9,6.65,5.4,15.5,10.4,-4.7,3.9,8.01,1.1,16.6,13.62,-0.6,-0.9,6.01,-0.3,4.3,2.9,0.3,-1.7,3.16,-0.6,-2.2,2.91,0.3,6.6,2.74,0.0,9.6,7.56,1.5,8.8,5.21,0.0,0.8,5.74,0.3,1.2,2.9,0.3,-1.7,3.16,-0.6,-2.2,2.91,0.3,6.6,2.74,0.0,9.6,7.56,1.5,8.8,5.21,0.0,0.8,5.74,0.3,1.2
2021年11月,3.83,0.8,41.3,9.7,-0.7,55.9,7.9,4.4,16.9,9.94,18.8,23.3,13.43,2.8,34.2,9.28,-0.2,-3.9,6.31,8.0,8.4,10.91,-4.5,2.0,7.92,2.2,15.6,13.7,0.4,-0.4,6.03,1.2,5.6,2.89,0.3,-1.4,3.18,-0.3,-0.9,2.9,1.8,6.6,2.74,1.9,11.8,7.45,1.5,8.3,5.21,0.0,1.4,5.72,0.4,1.4,2.89,0.3,-1.4,3.18,-0.3,-0.9,2.9,1.8,6.6,2.74,1.9,11.8,7.45,1.5,8.3,5.21,0.0,1.4,5.72,0.4,1.4
2021年10月,3.8,12.8,19.5,9.77,60.7,71.1,7.57,20.5,8.1,8.37,19.4,9.6,13.07,33.8,31.6,9.3,-1.8,-4.7,5.84,-1.4,-1.2,11.42,2.3,-0.4,7.75,4.3,11.8,13.64,-0.1,-0.9,5.96,0.5,5.1,2.88,-0.7,0.0,3.19,0.0,0.6,2.85,0.7,5.2,2.69,-2.2,11.6,7.34,1.0,8.1,5.21,-0.2,1.6,5.7,0.0,1.2,2.88,-0.7,0.0,3.19,0.0,0.6,2.85,0.7,5.2,2.69,-2.2,11.6,7.34,1.0,8.1,5.21,-0.2,1.6,5.7,0.0,1.2
2021年09月,3.37,-5.9,-9.2,6.08,16.0,6.3,6.28,7.0,-3.8,7.01,8.9,-6.3,9.77,2.1,-1.3,9.47,-0.6,-6.0,5.92,-4.2,-2.0,11.16,1.7,-0.6,7.43,0.5,8.0,13.65,0.1,-1.8,5.93,0.7,5.3,2.9,-1.0,2.5,3.19,-1.2,0.6,2.83,0.0,5.6,2.75,-2.8,17.0,7.27,-0.1,7.5,5.22,0.6,2.6,5.7,-0.2,1.6,2.9,-1.0,2.5,3.19,-1.2,0.6,2.83,0.0,5.6,2.75,-2.8,17.0,7.27,-0.1,7.5,5.22,0.6,2.6,5.7,-0.2,1.6
2021年08月,3.58,17.4,-11.2,5.24,4.2,-19.8,5.87,19.6,-3.6,6.44,7.0,-6.5,9.57,8.5,-1.8,9.53,0.7,-7.0,6.18,1.0,5.8,10.97,2.8,-0.6,7.39,-0.5,7.4,13.63,-0.2,-5.0,5.89,0.0,4.8,2.93,-0.7,3.2,3.23,0.3,1.9,2.83,0.4,6.8,2.83,0.0,20.4,7.28,0.1,8.2,5.19,0.0,1.6,5.71,0.0,2.0,2.93,-0.7,3.2,3.23,0.3,1.9,2.83,0.4,6.8,2.83,0.0,20.4,7.28,0.1,8.2,5.19,0.0,1.6,5.71,0.0,2.0
2021年07月,3.05,3.7,-13.4,5.03,7.5,2.2,4.91,1.4,-15.6,6.02,3.3,-7.2,8.82,6.9,5.0,9.46,1.3,-8.2,6.12,3.0,4.8,10.67,5.9,-1.0,7.43,1.2,8.5,13.66,-0.7,-4.2,5.89,-0.5,5.7,2.95,-0.7,4.2,3.22,-0.9,1.6,2.82,0.4,7.2,2.83,-1.4,25.2,7.27,0.6,8.8,5.19,-0.4,1.6,5.71,0.2,1.8,2.95,-0.7,4.2,3.22,-0.9,1.6,2.82,0.4,7.2,2.83,-1.4,25.2,7.27,0.6,8.8,5.19,-0.4,1.6,5.71,0.2,1.8
2021年06月,2.94,4.3,-13.5,4.68,-3.3,0.2,4.84,-9.4,-10.5,5.83,-12.1,-4.0,8.25,-9.4,-3.6,9.34,-0.6,-7.8,5.94,-3.6,-2.0,10.08,1.3,-5.7,7.34,0.0,7.2,13.76,-0.6,-3.8,5.92,0.5,7.1,2.97,-0.3,4.6,3.25,0.6,2.5,2.81,-0.4,7.7,2.87,0.3,30.5,7.23,0.1,10.2,5.21,-0.2,2.0,5.7,-0.2,1.8,2.97,-0.3,4.6,3.25,0.6,2.5,2.81,-0.4,7.7,2.87,0.3,30.5,7.23,0.1,10.2,5.21,-0.2,2.0,5.7,-0.2,1.8
2021年05月,2.82,-3.8,-3.4,4.84,-7.1,4.5,5.34,-7.6,-8.4,6.63,-8.7,2.3,9.11,-12.5,0.3,9.4,-2.1,-6.6,6.16,-1.4,-5.4,9.95,2.9,-7.1,7.34,-0.4,7.2,13.85,-0.6,-3.3,5.89,1.7,7.1,2.98,-0.3,4.9,3.23,-0.3,1.6,2.82,0.0,6.8,2.86,1.1,32.4,7.22,0.4,10.4,5.22,-0.2,2.2,5.71,0.0,2.0,2.98,-0.3,4.9,3.23,-0.3,1.6,2.82,0.0,6.8,2.86,1.1,32.4,7.22,0.4,10.4,5.22,-0.2,2.2,5.71,0.0,2.0
2021年04月,2.93,-2.7,-20.2,5.21,-21.7,-3.0,5.78,-2.4,-31.4,7.26,-15.5,-10.9,10.41,-19.1,-9.8,9.6,-2.0,-4.5,6.25,-4.9,-8.6,9.67,0.2,-9.6,7.37,5.9,7.6,13.94,-0.3,-1.8,5.79,0.0,4.7,2.99,0.7,6.0,3.24,-0.6,2.5,2.82,0.4,6.0,2.83,0.7,33.5,7.19,-0.7,11.1,5.23,0.0,3.0,5.71,-0.2,2.1,2.99,0.7,6.0,3.24,-0.6,2.5,2.82,0.4,6.0,2.83,0.7,33.5,7.19,-0.7,11.1,5.23,0.0,3.0,5.71,-0.2,2.1
2021年03月,3.01,-0.3,-13.5,6.65,-3.5,-5.4,5.92,-7.8,-30.7,8.59,-20.7,-5.1,12.86,-11.1,0.3,9.8,-1.1,-3.6,6.57,-0.5,-6.7,9.65,-2.9,-9.8,6.96,0.9,0.4,13.98,0.0,3.3,5.79,0.3,4.7,2.97,-1.0,6.8,3.26,-0.3,5.2,2.81,0.0,6.4,2.81,0.7,36.4,7.24,0.7,17.0,5.23,0.0,3.2,5.72,0.2,3.2,2.97,-1.0,6.8,3.26,-0.3,5.2,2.81,0.0,6.4,2.81,0.7,36.4,7.24,0.7,17.0,5.23,0.0,3.2,5.72,0.2,3.2
2021年02月,3.02,-11.2,-13.2,6.89,-5.4,-23.6,6.42,-11.9,-39.7,10.83,-15.1,6.7,14.47,15.2,-1.9,9.91,1.0,-3.9,6.6,10.6,-5.3,9.94,1.4,-10.0,6.9,-0.4,-0.7,13.98,0.7,4.9,5.77,-0.5,4.5,3.0,0.7,7.9,3.27,-0.3,5.1,2.81,0.4,6.0,2.79,2.2,36.1,7.19,1.0,16.5,5.23,0.6,2.8,5.71,0.0,3.3,3.0,0.7,7.9,3.27,-0.3,5.1,2.81,0.4,6.0,2.79,2.2,36.1,7.19,1.0,16.5,5.23,0.6,2.8,5.71,0.0,3.3
2021年01月,3.4,29.3,28.8,7.28,13.6,-26.3,7.29,3.0,-21.4,12.76,31.3,46.8,12.56,13.1,-13.0,9.81,1.1,-2.4,5.97,3.6,-5.2,9.8,-2.1,-9.4,6.93,0.9,2.1,13.88,0.9,5.6,5.8,0.7,7.6,2.98,1.0,8.0,3.28,1.5,4.5,2.8,2.6,8.5,2.73,9.2,36.5,7.12,2.4,17.1,5.2,0.6,3.4,5.71,0.7,3.3,2.98,1.0,8.0,3.28,1.5,4.5,2.8,2.6,8.5,2.73,9.2,36.5,7.12,2.4,17.1,5.2,0.6,3.4,5.71,0.7,3.3
2020年12月,2.63,-3.0,9.6,6.41,3.1,-15.1,7.08,4.7,-16.9,9.72,20.6,35.8,11.11,11.0,-7.5,9.7,0.4,-1.6,5.76,-1.0,-2.7,10.01,-6.4,-7.4,6.87,0.3,2.4,13.75,0.0,5.9,5.76,0.9,6.1,2.95,0.7,7.3,3.23,0.6,4.5,2.73,0.4,5.8,2.5,2.0,25.6,6.95,1.0,15.1,5.17,0.6,3.0,5.67,0.5,2.7,2.95,0.7,7.3,3.23,0.6,4.5,2.73,0.4,5.8,2.5,2.0,25.6,6.95,1.0,15.1,5.17,0.6,3.0,5.67,0.5,2.7
2020年11月,2.71,-14.8,15.3,6.22,8.9,-14.6,6.76,-3.4,10.5,8.06,5.5,29.4,10.01,0.8,3.1,9.66,-1.0,-4.1,5.82,-1.5,-2.7,10.7,-6.7,-4.5,6.85,-1.2,2.5,13.75,-0.1,6.3,5.71,0.7,5.4,2.93,1.7,5.8,3.21,1.3,2.6,2.72,0.4,5.4,2.45,1.7,22.5,6.88,1.3,14.3,5.14,0.2,2.2,5.64,0.2,1.8,2.93,1.7,5.8,3.21,1.3,2.6,2.72,0.4,5.4,2.45,1.7,22.5,6.88,1.3,14.3,5.14,0.2,2.2,5.64,0.2,1.8
2020年10月,3.18,-14.3,21.8,5.71,-0.2,-7.5,7.0,7.2,19.5,7.64,2.1,24.2,9.93,0.3,10.8,9.76,-3.1,-11.7,5.91,-2.2,-5.7,11.47,2.1,-1.1,6.93,0.7,2.1,13.76,-1.0,8.9,5.67,0.7,5.0,2.88,1.8,4.7,3.17,0.0,1.9,2.71,1.1,5.4,2.41,2.6,19.9,6.79,0.4,12.6,5.13,0.8,1.8,5.63,0.4,0.9,2.88,1.8,4.7,3.17,0.0,1.9,2.71,1.1,5.4,2.41,2.6,19.9,6.79,0.4,12.6,5.13,0.8,1.8,5.63,0.4,0.9
2020年09月,3.71,-7.9,28.4,5.72,-12.4,12.6,6.53,7.2,29.3,7.48,8.6,25.5,9.9,1.5,17.9,10.07,-1.8,-21.9,6.04,3.4,-5.9,11.23,1.7,-2.3,6.88,0.0,-2.0,13.9,-3.1,9.1,5.63,0.2,4.3,2.83,-0.4,2.9,3.17,0.0,1.6,2.68,1.1,5.1,2.35,0.0,15.8,6.76,0.4,11.9,5.09,-0.4,1.0,5.61,0.2,0.5,2.83,-0.4,2.9,3.17,0.0,1.6,2.68,1.1,5.1,2.35,0.0,15.8,6.76,0.4,11.9,5.09,-0.4,1.0,5.61,0.2,0.5
2020年08月,4.03,14.5,30.4,6.53,32.7,31.7,6.09,4.6,24.5,6.89,6.2,17.6,9.75,16.1,15.2,10.25,-0.5,-33.9,5.84,0.0,-7.7,11.04,2.4,-3.2,6.88,0.4,-3.9,14.35,0.6,10.6,5.62,0.9,4.9,2.84,0.4,3.3,3.17,0.0,1.9,2.65,0.8,4.3,2.35,4.0,14.1,6.73,0.7,11.4,5.11,0.0,1.4,5.6,-0.2,0.4,2.84,0.4,3.3,3.17,0.0,1.9,2.65,0.8,4.3,2.35,4.0,14.1,6.73,0.7,11.4,5.11,0.0,1.4,5.6,-0.2,0.4
2020年07月,3.52,3.5,18.5,4.92,5.4,25.5,5.82,7.6,25.7,6.49,6.9,14.3,8.4,-1.9,11.3,10.3,1.7,-36.1,5.84,-3.6,-7.6,10.78,0.8,-6.3,6.85,0.0,-4.6,14.26,-0.3,12.1,5.57,0.7,3.3,2.83,-0.4,2.9,3.17,0.0,1.9,2.63,0.8,3.5,2.26,2.7,10.2,6.68,1.8,10.8,5.11,0.0,1.4,5.61,0.2,0.7,2.83,-0.4,2.9,3.17,0.0,1.9,2.63,0.8,3.5,2.26,2.7,10.2,6.68,1.8,10.8,5.11,0.0,1.4,5.61,0.2,0.7
2020年06月,3.4,16.4,23.6,4.67,0.9,14.7,5.41,-7.2,14.1,6.07,-6.3,2.4,8.56,-5.7,9.5,10.13,0.7,-35.0,6.06,-6.9,-8.6,10.69,-0.2,-8.9,6.85,0.0,-4.9,14.31,-0.1,13.7,5.53,0.5,2.4,2.84,0.0,2.9,3.17,-0.3,1.6,2.61,-1.1,3.2,2.2,1.9,8.4,6.56,0.3,9.0,5.11,0.0,1.4,5.6,0.0,0.5,2.84,0.0,2.9,3.17,-0.3,1.6,2.61,-1.1,3.2,2.2,1.9,8.4,6.56,0.3,9.0,5.11,0.0,1.4,5.6,0.0,0.5
2020年05月,2.92,-20.4,1.4,4.63,-13.8,1.1,5.83,-30.8,-8.6,6.48,-20.5,-12.3,9.08,-21.3,3.8,10.06,0.1,-25.9,6.51,-4.8,-4.0,10.71,0.1,-5.1,6.85,0.0,-4.1,14.32,0.8,14.5,5.5,-0.5,2.4,2.84,0.7,2.2,3.18,0.6,1.3,2.64,-0.8,2.3,2.16,1.9,8.0,6.54,1.1,8.8,5.11,0.6,1.4,5.6,0.2,0.5,2.84,0.7,2.2,3.18,0.6,1.3,2.64,-0.8,2.3,2.16,1.9,8.0,6.54,1.1,8.8,5.11,0.6,1.4,5.6,0.2,0.5
2020年04月,3.67,5.5,16.9,5.37,-23.6,-3.6,8.42,-1.4,12.1,8.15,-9.9,-1.2,11.54,-10.0,9.6,10.05,-1.2,-12.5,6.84,-2.8,1.3,10.7,0.0,3.4,6.85,-1.2,-4.1,14.2,5.0,16.2,5.53,0.0,3.2,2.82,1.4,1.8,3.16,1.9,0.6,2.66,0.8,2.7,2.12,2.9,7.1,6.47,4.5,8.0,5.08,0.2,0.6,5.59,0.9,0.2,2.82,1.4,1.8,3.16,1.9,0.6,2.66,0.8,2.7,2.12,2.9,7.1,6.47,4.5,8.0,5.08,0.2,0.6,5.59,0.9,0.2
2020年03月,3.48,0.0,29.9,7.03,-22.1,-5.1,8.54,-19.8,2.8,9.05,-10.8,-7.7,12.82,-13.1,3.0,10.17,-1.4,-6.4,7.04,1.0,4.5,10.7,-3.2,7.5,6.93,-0.3,-2.1,13.53,1.5,14.2,5.53,0.2,3.2,2.78,0.0,0.4,3.1,-0.3,-1.3,2.64,-0.4,1.9,2.06,0.5,4.6,6.19,0.3,3.5,5.07,-0.4,0.4,5.54,0.2,-0.5,2.78,0.0,0.4,3.1,-0.3,-1.3,2.64,-0.4,1.9,2.06,0.5,4.6,6.19,0.3,3.5,5.07,-0.4,0.4,5.54,0.2,-0.5
2020年02月,3.48,31.8,54.0,9.02,-8.7,5.3,10.65,14.8,26.6,10.15,16.8,19.7,14.75,2.2,22.9,10.31,2.6,-3.4,6.97,10.6,2.3,11.05,2.1,9.7,6.95,2.4,-1.6,13.33,1.4,12.8,5.52,2.4,2.4,2.78,0.7,0.7,3.11,-1.0,-1.6,2.65,2.7,2.3,2.05,2.5,3.5,6.17,1.5,3.2,5.09,1.2,0.8,5.53,0.0,-0.7,2.78,0.7,0.7,3.11,-1.0,-1.6,2.65,2.7,2.3,2.05,2.5,3.5,6.17,1.5,3.2,5.09,1.2,0.8,5.53,0.0,-0.7
2020年01月,2.64,10.0,23.9,9.88,30.9,20.2,9.28,8.9,15.1,8.69,21.4,12.6,14.43,20.1,36.6,10.05,1.9,-3.8,6.3,6.4,-8.3,10.82,0.1,6.0,6.79,1.2,-0.7,13.15,1.3,10.8,5.39,-0.7,-0.4,2.76,0.4,-0.4,3.14,1.6,-0.6,2.58,0.0,-0.8,2.0,0.5,1.0,6.08,0.7,1.2,5.03,0.2,0.0,5.53,0.2,-0.5,2.76,0.4,-0.4,3.14,1.6,-0.6,2.58,0.0,-0.8,2.0,0.5,1.0,6.08,0.7,1.2,5.03,0.2,0.0,5.53,0.2,-0.5
2019年12月,2.4,2.1,14.8,7.55,3.7,8.5,8.52,39.2,15.0,7.16,14.9,6.4,12.01,23.7,30.8,9.86,-2.1,-1.5,5.92,-1.0,-13.7,10.81,-3.5,7.0,6.71,0.4,-5.1,12.98,0.4,9.9,5.43,0.2,0.6,2.75,-0.7,-0.7,3.09,-1.3,-2.5,2.58,0.0,-0.8,1.99,-0.5,-0.5,6.04,0.3,0.7,5.02,-0.2,0.0,5.52,-0.4,-0.7,2.75,-0.7,-0.7,3.09,-1.3,-2.5,2.58,0.0,-0.8,1.99,-0.5,-0.5,6.04,0.3,0.7,5.02,-0.2,0.0,5.52,-0.4,-0.7
2019年11月,2.35,-10.0,2.2,7.28,18.0,30.7,6.12,4.4,-12.6,6.23,1.3,-9.8,9.71,8.4,13.8,10.07,-8.9,2.0,5.98,-4.6,-14.2,11.2,-3.4,7.0,6.68,-1.6,-5.2,12.93,2.3,9.2,5.42,0.4,0.6,2.77,0.7,0.0,3.13,0.6,-0.9,2.58,0.4,-0.4,2.0,-0.5,0.5,6.02,-0.2,0.8,5.03,-0.2,0.2,5.54,-0.7,0.0,2.77,0.7,0.0,3.13,0.6,-0.9,2.58,0.4,-0.4,2.0,-0.5,0.5,6.02,-0.2,0.8,5.03,-0.2,0.2,5.54,-0.7,0.0
2019年10月,2.61,-9.7,-10.0,6.17,21.5,16.2,5.86,16.0,-24.8,6.15,3.2,-18.4,8.96,6.7,1.9,11.05,-14.3,11.4,6.27,-2.3,-5.7,11.6,1.0,5.6,6.79,-3.3,-3.8,12.64,-0.8,6.7,5.4,0.0,-0.2,2.75,0.0,0.0,3.11,-0.3,-1.3,2.57,0.8,-0.8,2.01,-1.0,2.0,6.03,-0.2,0.8,5.04,0.0,0.2,5.58,0.0,0.7,2.75,0.0,0.0,3.11,-0.3,-1.3,2.57,0.8,-0.8,2.01,-1.0,2.0,6.03,-0.2,0.8,5.04,0.0,0.2,5.58,0.0,0.7
2019年09月,2.89,-6.5,-20.2,5.08,2.4,-16.6,5.05,3.3,-26.2,5.96,1.7,-17.1,8.4,-0.7,-10.9,12.89,-16.9,27.6,6.42,1.4,-4.3,11.49,0.7,6.4,7.02,-2.0,-1.5,12.74,-1.8,7.1,5.4,0.7,0.7,2.75,0.0,-0.4,3.12,0.3,-2.8,2.55,0.4,-0.8,2.03,-1.5,2.5,6.04,0.0,1.2,5.04,0.0,0.2,5.58,0.0,0.2,2.75,0.0,-0.4,3.12,0.3,-2.8,2.55,0.4,-0.8,2.03,-1.5,2.5,6.04,0.0,1.2,5.04,0.0,0.2,5.58,0.0,0.2
2019年08月,3.09,4.0,-11.0,4.96,26.5,-11.0,4.89,5.6,-9.4,5.86,3.2,-0.2,8.46,12.1,-1.3,15.51,-3.8,56.2,6.33,0.2,-0.2,11.41,-0.8,10.6,7.16,-0.3,0.4,12.98,2.0,8.9,5.36,-0.6,0.0,2.75,0.0,-0.7,3.11,0.0,-3.7,2.54,0.0,-0.8,2.06,0.5,3.0,6.04,0.2,0.8,5.04,0.0,0.6,5.58,0.2,0.2,2.75,0.0,-0.7,3.11,0.0,-3.7,2.54,0.0,-0.8,2.06,0.5,3.0,6.04,0.2,0.8,5.04,0.0,0.6,5.58,0.2,0.2
2019年07月,2.97,8.0,-5.4,3.92,-3.7,-10.1,4.63,-2.3,-6.7,5.68,-4.2,4.6,7.55,-3.5,7.1,16.12,3.5,67.9,6.32,-4.7,7.3,11.5,-2.0,15.9,7.18,-0.3,0.0,12.72,1.0,7.0,5.39,-0.2,1.1,2.75,-0.4,-1.1,3.11,-0.3,-3.7,2.54,0.4,-0.8,2.05,1.0,2.0,6.03,0.2,0.8,5.04,0.0,0.4,5.57,0.0,-0.2,2.75,-0.4,-1.1,3.11,-0.3,-3.7,2.54,0.4,-0.8,2.05,1.0,2.0,6.03,0.2,0.8,5.04,0.0,0.4,5.57,0.0,-0.2
2019年06月,2.75,-4.5,-8.3,4.07,-11.1,14.0,4.74,-25.7,11.0,5.93,-19.8,13.6,7.82,-10.6,20.7,15.58,14.8,67.5,6.63,-2.2,12.6,11.74,4.0,17.8,7.2,0.8,0.1,12.59,0.6,6.2,5.4,0.6,1.3,2.76,-0.7,-2.1,3.12,-0.6,-3.4,2.53,-1.9,0.0,2.03,1.5,1.0,6.02,0.2,0.8,5.04,0.0,0.2,5.57,0.0,0.0,2.76,-0.7,-2.1,3.12,-0.6,-3.4,2.53,-1.9,0.0,2.03,1.5,1.0,6.02,0.2,0.8,5.04,0.0,0.2,5.57,0.0,0.0
2019年05月,2.88,-8.3,-5.3,4.58,-17.8,2.7,6.38,-15.0,24.6,7.39,-10.4,24.6,8.75,-16.9,15.1,13.57,18.1,45.9,6.78,0.4,9.9,11.29,9.1,12.2,7.14,0.0,0.3,12.51,2.4,4.9,5.37,0.2,1.3,2.78,0.4,-1.8,3.14,0.0,-2.5,2.58,-0.4,0.8,2.0,1.0,-0.5,6.01,0.3,0.3,5.04,-0.2,0.4,5.57,-0.2,0.0,2.78,0.4,-1.8,3.14,0.0,-2.5,2.58,-0.4,0.8,2.0,1.0,-0.5,6.01,0.3,0.3,5.04,-0.2,0.4,5.57,-0.2,0.0
2019年04月,3.14,17.2,15.4,5.57,-24.8,5.1,7.51,-9.6,25.6,8.25,-15.9,14.4,10.53,-15.4,9.5,11.49,5.8,24.8,6.75,0.1,5.0,10.35,4.0,6.0,7.14,0.8,0.8,12.22,3.1,1.8,5.36,0.0,0.8,2.77,0.0,-2.8,3.14,0.0,-3.1,2.59,0.0,-0.4,1.98,0.5,-2.0,5.99,0.2,-0.3,5.05,0.0,0.2,5.58,0.2,0.2,2.77,0.0,-2.8,3.14,0.0,-3.1,2.59,0.0,-0.4,1.98,0.5,-2.0,5.99,0.2,-0.3,5.05,0.0,0.2,5.58,0.2,0.2
2019年03月,2.68,18.6,15.5,7.41,-13.5,9.5,8.31,-1.2,51.6,9.81,15.7,24.7,12.45,3.7,9.0,10.86,1.8,16.9,6.74,-1.0,5.3,9.95,-1.2,0.7,7.08,0.3,0.0,11.85,0.3,-1.9,5.36,-0.6,1.1,2.77,0.4,-3.1,3.14,-0.6,-3.4,2.59,0.0,-0.8,1.97,-0.5,-2.5,5.98,0.0,-0.7,5.05,0.0,0.2,5.57,0.0,0.0,2.77,0.4,-3.1,3.14,-0.6,-3.4,2.59,0.0,-0.8,1.97,-0.5,-2.5,5.98,0.0,-0.7,5.05,0.0,0.2,5.57,0.0,0.0
2019年02月,2.26,6.1,-6.2,8.57,4.3,14.3,8.41,4.3,35.9,8.48,9.8,-14.3,12.0,13.6,-5.6,10.67,2.1,12.1,6.81,-0.9,1.8,10.07,-1.4,-0.3,7.06,3.2,0.1,11.82,-0.4,-2.9,5.39,-0.4,1.5,2.76,-0.4,-3.5,3.16,0.0,-2.2,2.59,-0.4,-0.8,1.98,0.0,1.0,5.98,-0.5,-0.7,5.05,0.4,0.6,5.57,0.2,0.2,2.76,-0.4,-3.5,3.16,0.0,-2.2,2.59,-0.4,-0.8,1.98,0.0,1.0,5.98,-0.5,-0.7,5.05,0.4,0.6,5.57,0.2,0.2
2019年01月,2.13,1.9,-2.3,8.22,18.1,33.0,8.06,8.8,42.7,7.72,14.7,-5.0,10.56,15.0,-2.7,10.45,4.4,13.0,6.87,0.1,11.0,10.21,1.1,1.8,6.84,-3.3,-3.0,11.87,0.5,-2.5,5.41,0.2,1.9,2.77,0.0,-3.1,3.16,-0.3,-1.3,2.6,0.0,0.0,1.98,-1.0,1.5,6.01,0.2,0.0,5.03,0.2,0.4,5.56,0.0,0.2,2.77,0.0,-3.1,3.16,-0.3,-1.3,2.6,0.0,0.0,1.98,-1.0,1.5,6.01,0.2,0.0,5.03,0.2,0.4,5.56,0.0,0.2
2018年12月,2.09,-9.1,-0.9,6.96,25.0,25.0,7.41,5.9,34.7,6.73,-2.6,1.4,9.18,7.6,-4.8,10.01,1.4,10.0,6.86,-1.6,26.1,10.1,-3.5,-0.9,7.07,0.3,0.0,11.81,-0.3,-3.4,5.4,0.2,1.1,2.77,0.0,-3.1,3.17,0.3,-0.6,2.6,0.4,0.4,2.0,0.5,4.2,6.0,0.5,0.0,5.02,0.0,1.0,5.56,0.4,0.7,2.77,0.0,-3.1,3.17,0.3,-0.6,2.6,0.4,0.4,2.0,0.5,4.2,6.0,0.5,0.0,5.02,0.0,1.0,5.56,0.4,0.7
2018年11月,2.3,-20.7,0.9,5.57,4.9,2.0,7.0,-10.1,30.6,6.91,-8.4,17.9,8.53,-3.0,-3.2,9.87,-0.5,9.4,6.97,4.8,40.2,10.47,-4.6,-2.0,7.05,-0.1,-1.1,11.84,-0.1,-3.4,5.39,-0.4,1.1,2.77,0.7,-2.1,3.16,0.3,-0.9,2.59,0.0,0.8,1.99,1.0,4.7,5.97,-0.2,-0.5,5.02,-0.2,1.2,5.54,0.0,0.4,2.77,0.7,-2.1,3.16,0.3,-0.9,2.59,0.0,0.8,1.99,1.0,4.7,5.97,-0.2,-0.5,5.02,-0.2,1.2,5.54,0.0,0.4
2018年10月,2.9,-19.9,9.0,5.31,-12.8,-6.3,7.79,13.9,37.1,7.54,4.9,33.2,8.79,-6.8,2.6,9.92,-1.8,8.3,6.65,-0.9,38.3,10.98,1.7,-2.0,7.06,-1.0,-1.1,11.85,-0.3,-2.9,5.41,0.9,1.9,2.75,-0.4,-1.8,3.15,-1.9,-0.9,2.59,0.8,1.6,1.97,-0.5,3.7,5.98,0.2,-0.2,5.03,0.0,1.8,5.54,-0.5,1.1,2.75,-0.4,-1.8,3.15,-1.9,-0.9,2.59,0.8,1.6,1.97,-0.5,3.7,5.98,0.2,-0.2,5.03,0.0,1.8,5.54,-0.5,1.1
2018年09月,3.62,4.3,24.0,6.09,9.3,41.3,6.84,26.7,31.5,7.19,22.5,33.1,9.43,10.0,24.9,10.1,1.7,6.9,6.71,5.8,27.6,10.8,4.7,-3.0,7.13,0.0,-0.8,11.89,-0.3,-3.6,5.36,0.0,1.1,2.76,-0.4,-1.4,3.21,-0.6,0.3,2.57,0.4,1.2,1.98,-1.0,2.6,5.97,-0.3,-0.8,5.03,0.4,1.6,5.57,0.0,1.5,2.76,-0.4,-1.4,3.21,-0.6,0.3,2.57,0.4,1.2,1.98,-1.0,2.6,5.97,-0.3,-0.8,5.03,0.4,1.6,5.57,0.0,1.5
2018年08月,3.47,10.5,7.8,5.57,27.8,31.7,5.4,8.9,7.8,5.87,8.1,15.3,8.57,21.6,19.2,9.93,3.4,3.2,6.34,7.6,16.5,10.32,4.0,-5.3,7.13,-0.7,0.6,11.92,0.3,-4.6,5.36,0.6,1.9,2.77,-0.4,-1.4,3.23,0.0,0.9,2.56,0.0,1.2,2.0,-0.5,3.1,5.99,0.2,-1.0,5.01,-0.2,1.2,5.57,-0.2,1.5,2.77,-0.4,-1.4,3.23,0.0,0.9,2.56,0.0,1.2,2.0,-0.5,3.1,5.99,0.2,-1.0,5.01,-0.2,1.2,5.57,-0.2,1.5
2018年07月,3.14,4.7,3.6,4.36,22.1,8.5,4.96,16.2,5.1,5.43,4.0,9.3,7.05,8.8,2.9,9.6,3.2,-0.5,5.89,0.0,3.7,9.92,-0.5,-6.1,7.18,-0.1,0.7,11.89,0.3,-5.2,5.33,0.0,1.9,2.78,-1.4,-2.1,3.23,0.0,1.3,2.56,1.2,2.0,2.01,0.0,3.6,5.98,0.2,-0.7,5.02,-0.2,1.2,5.58,0.2,1.8,2.78,-1.4,-2.1,3.23,0.0,1.3,2.56,1.2,2.0,2.01,0.0,3.6,5.98,0.2,-0.7,5.02,-0.2,1.2,5.58,0.2,1.8
2018年06月,3.0,-1.3,10.3,3.57,-20.0,-1.7,4.27,-16.6,-15.1,5.22,-12.0,6.5,6.48,-14.7,-1.8,9.3,0.0,-2.7,5.89,-4.5,-1.3,9.97,-0.9,-3.5,7.19,1.0,-0.7,11.86,-0.5,-6.1,5.33,0.6,3.3,2.82,-0.4,-1.4,3.23,0.3,1.3,2.53,-1.2,2.0,2.01,0.0,4.7,5.97,-0.3,-0.8,5.03,0.2,1.6,5.57,0.0,1.8,2.82,-0.4,-1.4,3.23,0.3,1.3,2.53,-1.2,2.0,2.01,0.0,4.7,5.97,-0.3,-0.8,5.03,0.2,1.6,5.57,0.0,1.8
2018年05月,3.04,11.8,26.7,4.46,-15.8,15.2,5.12,-14.4,-2.8,5.93,-17.8,10.6,7.6,-21.0,11.9,9.3,1.0,-0.9,6.17,-4.0,-1.8,10.06,3.1,-4.5,7.12,0.6,-1.5,11.92,-0.7,-6.3,5.3,-0.4,2.5,2.83,-0.7,-0.7,3.22,-0.6,1.3,2.56,-1.5,1.6,2.01,-0.5,5.8,5.99,-0.3,-0.7,5.02,-0.4,1.6,5.57,0.0,1.6,2.83,-0.7,-0.7,3.22,-0.6,1.3,2.56,-1.5,1.6,2.01,-0.5,5.8,5.99,-0.3,-0.7,5.02,-0.4,1.6,5.57,0.0,1.6
2018年04月,2.72,17.2,17.2,5.3,-21.7,11.6,5.98,9.1,0.8,7.21,-8.4,12.5,9.62,-15.8,4.5,9.21,-0.9,-0.4,6.43,0.5,9.9,9.76,-1.2,-3.1,7.08,0.0,-1.7,12.0,-0.7,-6.2,5.32,0.4,4.1,2.85,-0.3,0.4,3.24,-0.3,2.2,2.6,-0.4,3.2,2.02,0.0,7.4,6.01,-0.2,-0.5,5.04,0.0,2.0,5.57,0.0,1.8,2.85,-0.3,0.4,3.24,-0.3,2.2,2.6,-0.4,3.2,2.02,0.0,7.4,6.01,-0.2,-0.5,5.04,0.0,2.0,5.57,0.0,1.8
2018年03月,2.32,-3.7,5.0,6.77,-9.7,28.0,5.48,-11.5,-17.1,7.87,-20.4,12.3,11.42,-10.1,11.2,9.29,-2.4,2.7,6.4,-4.3,19.6,9.88,-2.2,6.7,7.08,0.4,-1.3,12.08,-0.7,-6.1,5.3,-0.2,3.7,2.86,0.0,1.1,3.25,0.6,2.8,2.61,0.0,3.6,2.02,3.1,9.2,6.02,0.0,-0.5,5.04,0.4,2.6,5.57,0.2,2.0,2.86,0.0,1.1,3.25,0.6,2.8,2.61,0.0,3.6,2.02,3.1,9.2,6.02,0.0,-0.5,5.04,0.4,2.6,5.57,0.2,2.0
2018年02月,2.41,10.6,5.2,7.5,21.4,14.5,6.19,9.6,-14.7,9.89,21.6,35.1,12.71,17.1,25.1,9.52,2.9,6.2,6.69,8.1,31.2,10.1,0.7,10.0,7.05,0.0,-2.5,12.17,0.0,-6.3,5.31,0.0,4.1,2.86,0.0,1.4,3.23,0.9,1.9,2.61,0.4,4.0,1.96,0.5,4.8,6.02,0.2,-0.7,5.02,0.2,1.6,5.56,0.2,1.8,2.86,0.0,1.4,3.23,0.9,1.9,2.61,0.4,4.0,1.96,0.5,4.8,6.02,0.2,-0.7,5.02,0.2,1.6,5.56,0.2,1.8
2018年01月,2.18,3.3,-17.7,6.18,11.0,-23.9,5.65,2.7,-31.0,8.13,22.4,-3.8,10.85,12.6,-4.5,9.25,1.6,1.9,6.19,13.8,20.7,10.03,-1.6,9.6,7.05,-0.3,-2.9,12.17,-0.5,-7.2,5.31,-0.6,4.7,2.86,0.0,2.1,3.2,0.3,1.3,2.6,0.4,3.6,1.95,1.6,2.6,6.01,0.2,-0.7,5.01,0.8,1.4,5.55,0.5,1.3,2.86,0.0,2.1,3.2,0.3,1.3,2.6,0.4,3.6,1.95,1.6,2.6,6.01,0.2,-0.7,5.01,0.8,1.4,5.55,0.5,1.3
2017年12月,2.11,-7.5,-18.2,5.57,2.0,-1.1,5.5,2.6,-17.5,6.64,13.3,-6.9,9.64,9.4,3.2,9.1,0.9,4.2,5.44,9.5,7.9,10.19,-4.6,14.5,7.07,-0.8,-2.1,12.23,-0.2,-5.7,5.34,0.2,6.4,2.86,1.1,4.0,3.19,0.0,1.3,2.59,0.8,4.4,1.92,1.1,0.0,6.0,0.0,-0.3,4.97,0.2,1.4,5.52,0.0,1.3,2.86,1.1,4.0,3.19,0.0,1.3,2.59,0.8,4.4,1.92,1.1,0.0,6.0,0.0,-0.3,4.97,0.2,1.4,5.52,0.0,1.3
2017年11月,2.28,-14.3,-12.3,5.46,-3.7,1.7,5.36,-5.6,-11.4,5.86,3.5,-10.4,8.81,2.8,8.2,9.02,-1.5,3.7,4.97,3.3,-5.3,10.68,-4.6,14.5,7.13,-0.1,-0.3,12.26,0.4,-5.5,5.33,0.4,7.7,2.83,1.1,3.3,3.19,0.3,1.6,2.57,0.8,4.5,1.9,0.0,-2.6,6.0,0.2,0.0,4.96,0.4,1.4,5.52,0.7,1.7,2.83,1.1,3.3,3.19,0.3,1.6,2.57,0.8,4.5,1.9,0.0,-2.6,6.0,0.2,0.0,4.96,0.4,1.4,5.52,0.7,1.7
2017年10月,2.66,-8.9,0.0,5.67,31.6,14.5,5.68,9.2,-2.9,5.66,4.8,-3.2,8.57,13.5,15.0,9.16,-3.1,2.8,4.81,-8.6,-15.5,11.2,0.6,20.0,7.14,-0.7,2.3,12.21,-1.1,-5.9,5.31,0.2,7.7,2.8,0.0,2.6,3.18,-0.6,1.6,2.55,0.4,4.9,1.9,-1.6,-2.1,5.99,-0.5,-0.5,4.94,-0.2,0.8,5.48,-0.2,1.1,2.8,0.0,2.6,3.18,-0.6,1.6,2.55,0.4,4.9,1.9,-1.6,-2.1,5.99,-0.5,-0.5,4.94,-0.2,0.8,5.48,-0.2,1.1
2017年09月,2.92,-9.3,-4.9,4.31,1.9,-7.7,5.2,3.8,0.8,5.4,6.1,-5.1,7.55,5.0,6.5,9.45,-1.8,1.8,5.26,-3.3,-17.6,11.13,2.1,24.4,7.19,1.4,3.8,12.34,-1.2,-6.4,5.3,0.8,6.9,2.8,-0.4,2.2,3.2,0.0,1.3,2.54,0.4,5.8,1.93,-0.5,-6.8,6.02,-0.5,0.3,4.95,0.0,1.0,5.49,0.0,1.5,2.8,-0.4,2.2,3.2,0.0,1.3,2.54,0.4,5.8,1.93,-0.5,-6.8,6.02,-0.5,0.3,4.95,0.0,1.0,5.49,0.0,1.5
2017年08月,3.22,6.3,13.8,4.23,5.2,-4.7,5.01,6.1,26.2,5.09,2.4,6.7,7.19,5.0,15.0,9.62,-0.3,2.0,5.44,-4.2,-12.4,10.9,3.2,27.5,7.09,-0.6,4.7,12.49,-0.4,-8.4,5.26,0.6,7.3,2.81,-1.1,1.8,3.2,0.3,0.9,2.53,0.8,5.9,1.94,0.0,-9.3,6.05,0.5,0.0,4.95,-0.2,0.8,5.49,0.2,1.5,2.81,-1.1,1.8,3.2,0.3,0.9,2.53,0.8,5.9,1.94,0.0,-9.3,6.05,0.5,0.0,4.95,-0.2,0.8,5.49,0.2,1.5
2017年07月,3.03,11.4,15.6,4.02,10.7,12.3,4.72,-6.2,27.6,4.97,1.4,13.2,6.85,3.8,23.4,9.65,0.9,1.9,5.68,-4.9,0.9,10.56,2.2,27.2,7.13,-1.5,6.7,12.54,-0.7,-8.7,5.23,1.4,6.7,2.84,-0.7,2.9,3.19,0.0,0.9,2.51,1.2,5.0,1.94,1.0,-10.2,6.02,0.0,-0.3,4.96,0.2,1.0,5.48,0.2,1.5,2.84,-0.7,2.9,3.19,0.0,0.9,2.51,1.2,5.0,1.94,1.0,-10.2,6.02,0.0,-0.3,4.96,0.2,1.0,5.48,0.2,1.5
2017年06月,2.72,13.3,15.7,3.63,-6.2,19.0,5.03,-4.6,33.8,4.9,-8.6,13.4,6.6,-2.8,22.2,9.56,1.9,2.4,5.97,-4.9,3.3,10.33,-1.9,25.1,7.24,0.1,9.4,12.63,-0.7,-6.5,5.16,-0.2,7.7,2.86,0.4,3.2,3.19,0.3,0.6,2.48,-1.6,2.9,1.92,1.1,-10.7,6.02,-0.2,-0.2,4.95,0.2,0.8,5.47,-0.2,1.3,2.86,0.4,3.2,3.19,0.3,0.6,2.48,-1.6,2.9,1.92,1.1,-10.7,6.02,-0.2,-0.2,4.95,0.2,0.8,5.47,-0.2,1.3
2017年05月,2.4,3.4,-8.0,3.87,-18.5,9.3,5.27,-11.1,10.5,5.36,-16.4,-2.2,6.79,-26.3,0.1,9.38,1.4,4.0,6.28,7.4,8.5,10.53,4.6,26.4,7.23,0.4,9.4,12.72,-0.5,-3.7,5.17,1.2,6.2,2.85,0.4,2.5,3.18,0.3,0.0,2.52,0.0,1.2,1.9,1.1,-9.5,6.03,-0.2,0.2,4.94,0.0,1.0,5.48,0.2,1.7,2.85,0.4,2.5,3.18,0.3,0.0,2.52,0.0,1.2,1.9,1.1,-9.5,6.03,-0.2,0.2,4.94,0.0,1.0,5.48,0.2,1.7
2017年04月,2.32,5.0,-25.9,4.75,-10.2,2.4,5.93,-10.3,-12.7,6.41,-8.6,-11.6,9.21,-10.3,-7.0,9.25,2.2,3.1,5.85,9.3,5.6,10.07,8.7,25.2,7.2,0.4,9.4,12.79,-0.6,-2.1,5.11,0.0,2.8,2.84,0.4,2.2,3.17,0.3,0.0,2.52,0.0,1.2,1.88,1.6,-10.5,6.04,-0.2,0.5,4.94,0.6,1.2,5.47,0.2,1.3,2.84,0.4,2.2,3.17,0.3,0.0,2.52,0.0,1.2,1.88,1.6,-10.5,6.04,-0.2,0.5,4.94,0.6,1.2,5.47,0.2,1.3
2017年03月,2.21,-3.5,-45.4,5.29,-19.2,-22.2,6.61,-9.0,-14.3,7.01,-4.2,-32.3,10.27,1.1,-17.1,9.05,1.0,-1.7,5.35,4.9,-5.1,9.26,0.9,16.6,7.17,-0.8,9.1,12.87,-0.9,0.0,5.11,0.2,2.8,2.83,0.4,1.1,3.16,-0.3,-1.3,2.52,0.4,2.0,1.85,-1.1,-14.4,6.05,-0.2,0.7,4.91,-0.6,0.6,5.46,0.0,1.1,2.83,0.4,1.1,3.16,-0.3,-1.3,2.52,0.4,2.0,1.85,-1.1,-14.4,6.05,-0.2,0.7,4.91,-0.6,0.6,5.46,0.0,1.1
2017年02月,2.29,-13.6,-26.1,6.55,-19.3,-19.4,7.26,-11.4,-4.2,7.32,-13.4,-20.1,10.16,-10.6,-19.2,8.96,-1.3,-6.1,5.1,-0.6,-9.3,9.18,0.3,9.5,7.23,-0.4,8.9,12.99,-0.9,1.8,5.1,0.6,2.4,2.82,0.7,0.7,3.17,0.3,-1.2,2.51,0.0,2.0,1.87,-1.6,-14.2,6.06,0.2,0.5,4.94,0.0,1.2,5.46,-0.4,0.9,2.82,0.7,0.7,3.17,0.3,-1.2,2.51,0.0,2.0,1.87,-1.6,-14.2,6.06,0.2,0.5,4.94,0.0,1.2,5.46,-0.4,0.9
2017年01月,2.65,2.7,2.7,8.12,44.2,6.0,8.19,22.8,13.8,8.45,18.5,10.9,11.36,21.6,12.8,9.08,4.0,-4.7,5.13,1.8,-3.0,9.15,2.8,8.5,7.26,0.6,6.1,13.11,1.1,3.1,5.07,1.0,1.2,2.8,1.8,0.4,3.16,0.3,-1.6,2.51,1.2,2.4,1.9,-1.0,-13.2,6.05,0.5,0.2,4.94,0.8,1.2,5.48,0.6,1.7,2.8,1.8,0.4,3.16,0.3,-1.6,2.51,1.2,2.4,1.9,-1.0,-13.2,6.05,0.5,0.2,4.94,0.8,1.2,5.48,0.6,1.7
2016年12月,2.58,-0.8,22.9,5.63,4.8,-14.7,6.67,10.2,2.6,7.13,9.0,9.2,9.34,14.7,2.8,8.73,0.3,-7.9,5.04,-4.0,4.6,8.9,-4.6,3.4,7.22,1.0,10.7,12.97,0.0,2.7,5.02,1.4,-2.3,2.75,0.4,0.4,3.15,0.3,-0.6,2.48,0.8,2.1,1.92,-1.5,-12.3,6.02,0.3,-0.2,4.9,0.2,1.0,5.45,0.4,1.5,2.75,0.4,0.4,3.15,0.3,-0.6,2.48,0.8,2.1,1.92,-1.5,-12.3,6.02,0.3,-0.2,4.9,0.2,1.0,5.45,0.4,1.5
2016年11月,2.6,-2.3,19.8,5.37,8.5,-16.9,6.05,3.4,-3.5,6.54,11.8,10.3,8.14,9.3,-2.3,8.7,-2.4,-7.7,5.25,-7.7,8.0,9.33,0.0,3.3,7.15,2.4,10.9,12.97,-0.1,2.3,4.95,0.4,-3.3,2.74,0.4,-0.7,3.14,0.3,-1.9,2.46,1.2,0.8,1.95,0.5,-11.0,6.0,-0.3,-0.7,4.89,-0.2,0.4,5.43,0.2,0.6,2.74,0.4,-0.7,3.14,0.3,-1.9,2.46,1.2,0.8,1.95,0.5,-11.0,6.0,-0.3,-0.7,4.89,-0.2,0.4,5.43,0.2,0.6
2016年10月,2.66,-13.4,13.2,4.95,6.0,22.2,5.85,13.4,4.1,5.85,2.8,16.1,7.45,5.1,15.7,8.91,-4.0,-6.9,5.69,-10.8,14.7,9.33,4.2,1.6,6.98,0.7,4.5,12.98,-1.5,1.7,4.93,-0.6,-4.1,2.73,-0.4,-1.8,3.13,-0.9,-1.9,2.43,1.3,0.0,1.94,-6.3,-12.6,6.02,0.3,-0.8,4.9,0.0,0.6,5.42,0.2,0.2,2.73,-0.4,-1.8,3.13,-0.9,-1.9,2.43,1.3,0.0,1.94,-6.3,-12.6,6.02,0.3,-0.8,4.9,0.0,0.6,5.42,0.2,0.2
2016年09月,3.07,8.5,7.0,4.67,5.2,17.3,5.16,30.0,-4.1,5.69,19.3,10.7,7.09,13.4,5.5,9.28,-1.6,-8.3,6.38,2.7,18.8,8.95,4.7,-3.0,6.93,2.4,2.1,13.18,-3.4,1.9,4.96,1.2,-4.1,2.74,-0.7,-1.4,3.16,-0.3,-2.5,2.4,0.4,-3.2,2.07,-3.3,-13.0,6.0,-0.8,-2.9,4.9,-0.2,0.2,5.41,0.0,-0.4,2.74,-0.7,-1.4,3.16,-0.3,-2.5,2.4,0.4,-3.2,2.07,-3.3,-13.0,6.0,-0.8,-2.9,4.9,-0.2,0.2,5.41,0.0,-0.4
2016年08月,2.83,8.0,-5.7,4.44,24.0,3.5,3.97,7.3,-20.0,4.77,8.7,-3.8,6.25,12.6,-9.2,9.43,-0.4,-11.0,6.21,10.3,13.7,8.55,3.0,-0.8,6.77,1.3,0.6,13.64,-0.7,3.5,4.9,0.0,-3.0,2.76,0.0,-2.5,3.17,0.3,-2.8,2.39,0.0,-4.8,2.14,-0.9,-12.7,6.05,0.2,-2.7,4.91,0.0,0.2,5.41,0.2,-0.4,2.76,0.0,-2.5,3.17,0.3,-2.8,2.39,0.0,-4.8,2.14,-0.9,-12.7,6.05,0.2,-2.7,4.91,0.0,0.2,5.41,0.2,-0.4
2016年07月,2.62,11.5,-8.1,3.58,17.4,-5.0,3.7,-1.6,-13.3,4.39,1.6,-11.0,5.55,2.8,-4.3,9.47,1.4,-12.5,5.63,-2.6,1.6,8.3,0.5,-3.4,6.68,0.9,-1.8,13.74,1.7,5.0,4.9,2.3,-3.9,2.76,-0.4,-2.5,3.16,-0.3,-2.5,2.39,-0.8,-4.8,2.16,0.5,-13.3,6.04,0.2,-2.9,4.91,0.0,0.2,5.4,0.0,-0.4,2.76,-0.4,-2.5,3.16,-0.3,-2.5,2.39,-0.8,-4.8,2.16,0.5,-13.3,6.04,0.2,-2.9,4.91,0.0,0.2,5.4,0.0,-0.4
2016年06月,2.35,-10.0,-20.1,3.05,-13.8,-10.6,3.76,-21.2,-6.2,4.32,-21.2,-16.8,5.4,-20.4,-7.1,9.34,3.5,-13.5,5.78,-0.2,-0.9,8.26,-0.8,-3.7,6.62,0.2,-3.6,13.51,2.3,3.9,4.79,-1.6,-5.9,2.77,-0.4,-2.1,3.17,-0.3,-2.2,2.41,-3.2,-4.0,2.15,2.4,-14.0,6.03,0.2,-3.2,4.91,0.4,0.4,5.4,0.2,0.0,2.77,-0.4,-2.1,3.17,-0.3,-2.2,2.41,-3.2,-4.0,2.15,2.4,-14.0,6.03,0.2,-3.2,4.91,0.4,0.4,5.4,0.2,0.0
2016年05月,2.61,-16.6,-6.8,3.54,-23.7,-11.9,4.77,-29.7,-2.3,5.48,-24.4,-11.3,6.78,-31.5,-7.0,9.02,0.6,-16.2,5.79,4.5,-6.5,8.33,3.6,-3.7,6.61,0.5,-4.2,13.21,1.1,1.3,4.87,-2.0,-5.4,2.78,0.0,-1.8,3.18,0.3,-1.2,2.49,0.0,-2.7,2.1,0.0,-15.7,6.02,0.2,-3.4,4.89,0.2,0.0,5.39,-0.2,0.0,2.78,0.0,-1.8,3.18,0.3,-1.2,2.49,0.0,-2.7,2.1,0.0,-15.7,6.02,0.2,-3.4,4.89,0.2,0.0,5.39,-0.2,0.0
2016年04月,3.13,-22.7,0.6,4.64,-31.8,-3.5,6.79,-11.9,17.9,7.25,-30.0,-5.2,9.9,-20.1,6.6,8.97,-2.6,-17.0,5.54,-1.8,-10.2,8.04,1.3,-9.0,6.58,0.2,-4.4,13.06,1.5,0.3,4.97,0.0,-6.4,2.78,-0.7,-1.4,3.17,-0.9,-1.2,2.49,0.8,-3.5,2.1,-2.8,-14.6,6.01,0.0,-3.7,4.88,0.0,0.0,5.4,0.0,0.2,2.78,-0.7,-1.4,3.17,-0.9,-1.2,2.49,0.8,-3.5,2.1,-2.8,-14.6,6.01,0.0,-3.7,4.88,0.0,0.0,5.4,0.0,0.2
2016年03月,4.05,30.6,57.6,6.8,-16.4,19.1,7.71,1.7,27.2,10.36,13.1,35.1,12.39,-1.4,20.9,9.21,-3.5,-14.9,5.64,0.4,-14.2,7.94,-5.3,-9.7,6.57,-1.1,-5.2,12.87,0.9,-0.8,4.97,-0.2,-7.3,2.8,0.0,-0.4,3.2,-0.3,0.0,2.47,0.4,-4.3,2.16,-0.9,-11.8,6.01,-0.3,-4.1,4.88,0.0,0.0,5.4,-0.2,0.4,2.8,0.0,-0.4,3.2,-0.3,0.0,2.47,0.4,-4.3,2.16,-0.9,-11.8,6.01,-0.3,-4.1,4.88,0.0,0.0,5.4,-0.2,0.4
2016年02月,3.1,20.2,25.5,8.13,6.1,0.5,7.58,5.3,4.7,9.16,20.2,-5.4,12.57,24.8,5.7,9.54,0.1,-13.4,5.62,6.2,-21.8,8.38,-0.6,-5.3,6.64,-2.9,-3.6,12.76,0.4,-1.9,4.98,-0.6,-7.6,2.8,0.4,0.4,3.21,0.0,0.9,2.46,0.4,-4.7,2.18,-0.5,-12.1,6.03,-0.2,-4.1,4.88,0.0,0.8,5.41,0.4,1.3,2.8,0.4,0.4,3.21,0.0,0.9,2.46,0.4,-4.7,2.18,-0.5,-12.1,6.03,-0.2,-4.1,4.88,0.0,0.8,5.41,0.4,1.3
2016年01月,2.58,22.9,29.6,7.66,16.1,19.5,7.2,10.8,27.2,7.62,16.7,0.7,10.07,10.8,5.3,9.53,0.5,-9.3,5.29,9.8,-19.4,8.43,-2.1,1.4,6.84,4.9,-1.0,12.71,0.6,-1.0,5.01,-2.5,-6.9,2.79,1.8,0.0,3.21,1.3,1.6,2.45,0.8,-5.4,2.19,0.0,-9.9,6.04,0.2,-3.8,4.88,0.6,0.8,5.39,0.4,1.3,2.79,1.8,0.0,3.21,1.3,1.6,2.45,0.8,-5.4,2.19,0.0,-9.9,6.04,0.2,-3.8,4.88,0.6,0.8,5.39,0.4,1.3
2015年12月,2.1,-3.2,5.0,6.6,2.2,1.1,6.5,3.7,22.4,6.53,10.1,4.5,9.09,9.1,4.4,9.48,0.5,-8.1,4.82,-0.8,-27.6,8.61,-4.7,4.1,6.52,1.1,-6.2,12.63,-0.4,-0.2,5.14,0.4,-4.3,2.74,-0.7,-1.4,3.17,-0.9,-0.3,2.43,-0.4,-6.2,2.19,0.0,-10.6,6.03,-0.2,-3.8,4.85,-0.4,0.2,5.37,-0.6,1.1,2.74,-0.7,-1.4,3.17,-0.9,-0.3,2.43,-0.4,-6.2,2.19,0.0,-10.6,6.03,-0.2,-3.8,4.85,-0.4,0.2,5.37,-0.6,1.1
2015年11月,2.17,-7.7,8.5,6.46,59.5,19.0,6.27,11.6,31.2,5.93,17.7,14.5,8.33,29.3,10.3,9.43,-1.5,-6.1,4.86,-2.0,-29.6,9.03,-1.6,8.3,6.45,-3.4,-8.5,12.68,-0.6,3.5,5.12,-0.4,-4.3,2.76,-0.7,-0.4,3.2,0.3,1.3,2.44,0.4,-6.2,2.19,-1.4,-11.0,6.04,-0.5,-4.1,4.87,0.0,0.6,5.4,-0.2,1.7,2.76,-0.7,-0.4,3.2,0.3,1.3,2.44,0.4,-6.2,2.19,-1.4,-11.0,6.04,-0.5,-4.1,4.87,0.0,0.6,5.4,-0.2,1.7
2015年10月,2.35,-18.1,1.7,4.05,1.8,-5.2,5.62,4.5,27.1,5.04,-1.9,7.0,6.44,-4.2,2.5,9.57,-5.4,-4.6,4.96,-7.6,-34.1,9.18,-0.5,5.2,6.68,-1.6,-9.6,12.76,-1.4,6.5,5.14,-0.6,-3.2,2.78,0.0,0.7,3.19,-1.5,0.3,2.43,-2.0,-6.5,2.22,-6.7,-11.9,6.07,-1.8,-4.1,4.87,-0.4,1.0,5.41,-0.4,1.7,2.78,0.0,0.7,3.19,-1.5,0.3,2.43,-2.0,-6.5,2.22,-6.7,-11.9,6.07,-1.8,-4.1,4.87,-0.4,1.0,5.41,-0.4,1.7
2015年09月,2.87,-4.3,10.8,3.98,-7.2,-5.7,5.38,8.5,29.3,5.14,3.6,15.5,6.72,-2.3,3.9,10.12,-4.4,-3.6,5.37,-1.6,-34.4,9.23,7.1,4.4,6.79,0.9,-15.8,12.94,-1.8,8.6,5.17,2.4,-2.6,2.78,-1.8,0.4,3.24,-0.6,1.3,2.48,-1.2,-4.2,2.38,-2.9,-9.2,6.18,-0.6,-3.0,4.89,-0.2,1.5,5.43,0.0,1.9,2.78,-1.8,0.4,3.24,-0.6,1.3,2.48,-1.2,-4.2,2.38,-2.9,-9.2,6.18,-0.6,-3.0,4.89,-0.2,1.5,5.43,0.0,1.9
2015年08月,3.0,5.3,14.9,4.29,13.8,22.2,4.96,16.2,25.9,4.96,0.6,18.9,6.88,18.6,12.1,10.59,-2.1,-4.2,5.46,-1.4,-31.1,8.62,0.3,-1.0,6.73,-1.0,-17.1,13.18,0.8,11.0,5.05,-1.0,-4.5,2.83,0.0,1.8,3.26,0.6,1.9,2.51,0.0,-2.7,2.45,-1.6,-6.8,6.22,0.0,-2.0,4.9,0.0,1.4,5.43,0.2,2.3,2.83,0.0,1.8,3.26,0.6,1.9,2.51,0.0,-2.7,2.45,-1.6,-6.8,6.22,0.0,-2.0,4.9,0.0,1.4,5.43,0.2,2.3
2015年07月,2.85,-3.1,8.0,3.77,10.6,17.8,4.27,6.5,6.5,4.93,-5.0,16.3,5.8,-0.2,10.1,10.82,0.2,-3.7,5.54,-5.0,-23.3,8.59,0.1,1.9,6.8,-1.0,-17.9,13.08,0.6,11.4,5.1,0.2,-3.2,2.83,0.0,2.2,3.24,0.0,0.6,2.51,0.0,-2.0,2.49,-0.4,-2.0,6.22,-0.2,-1.7,4.9,0.2,1.7,5.42,0.4,2.1,2.83,0.0,2.2,3.24,0.0,0.6,2.51,0.0,-2.0,2.49,-0.4,-2.0,6.22,-0.2,-1.7,4.9,0.2,1.7,5.42,0.4,2.1
2015年06月,2.94,5.0,13.1,3.41,-15.2,10.4,4.01,-17.8,-8.2,5.19,-16.0,16.1,5.81,-20.3,-5.1,10.8,0.4,-1.2,5.83,-5.8,-20.6,8.58,-0.8,2.8,6.87,-0.4,-17.1,13.0,-0.3,10.6,5.09,-1.2,-2.7,2.83,0.0,2.2,3.24,0.6,1.3,2.51,-2.0,-1.2,2.5,0.4,0.8,6.23,0.0,-1.1,4.89,0.0,1.5,5.4,0.2,2.1,2.83,0.0,2.2,3.24,0.6,1.3,2.51,-2.0,-1.2,2.5,0.4,0.8,6.23,0.0,-1.1,4.89,0.0,1.5,5.4,0.2,2.1
2015年05月,2.8,-10.0,25.6,4.02,-16.4,20.7,4.88,-15.3,-6.7,6.18,-19.2,16.8,7.29,-21.5,11.0,10.76,-0.5,4.9,6.19,0.3,-17.7,8.65,-2.1,6.8,6.9,0.3,-17.0,13.04,0.2,11.0,5.15,-3.0,-2.6,2.83,0.4,2.5,3.22,0.3,0.9,2.56,-0.8,0.0,2.49,1.2,2.0,6.23,-0.2,-1.0,4.89,0.2,1.9,5.39,0.0,2.1,2.83,0.4,2.5,3.22,0.3,0.9,2.56,-0.8,0.0,2.49,1.2,2.0,6.23,-0.2,-1.0,4.89,0.2,1.9,5.39,0.0,2.1
2015年04月,3.11,21.0,37.6,4.81,-15.8,8.1,5.76,-5.0,-6.8,7.65,-0.3,16.3,9.29,-9.4,5.3,10.81,-0.1,13.4,6.17,-6.1,-9.7,8.84,0.6,14.8,6.88,-0.7,-16.8,13.02,0.4,12.2,5.31,-0.9,-1.3,2.82,0.4,2.2,3.21,0.3,1.9,2.58,0.0,0.8,2.46,0.4,3.4,6.24,-0.5,-0.5,4.88,0.0,2.1,5.39,0.2,2.5,2.82,0.4,2.2,3.21,0.3,1.9,2.58,0.0,0.8,2.46,0.4,3.4,6.24,-0.5,-0.5,4.88,0.0,2.1,5.39,0.2,2.5
2015年03月,2.57,4.0,21.8,5.71,-29.4,-7.5,6.06,-16.3,-13.2,7.67,-20.8,1.6,10.25,-13.8,-8.8,10.82,-1.7,16.8,6.57,-8.6,2.2,8.79,-0.7,21.6,6.93,0.6,-16.2,12.97,-0.3,10.7,5.36,-0.6,-0.7,2.81,0.7,1.8,3.2,0.6,1.9,2.58,0.0,0.4,2.45,-1.2,3.4,6.27,-0.3,0.2,4.88,0.8,2.3,5.38,0.7,2.5,2.81,0.7,1.8,3.2,0.6,1.9,2.58,0.0,0.4,2.45,-1.2,3.4,6.27,-0.3,0.2,4.88,0.8,2.3,5.38,0.7,2.5
2015年02月,2.47,24.1,26.7,8.09,26.2,16.6,7.24,27.9,-5.1,9.68,27.9,16.6,11.89,24.4,5.3,11.01,4.8,20.1,7.19,9.6,13.4,8.85,6.5,25.0,6.89,-0.3,-16.6,13.01,1.3,8.9,5.39,0.2,-0.6,2.79,0.0,1.8,3.18,0.6,1.9,2.58,-0.4,0.4,2.48,2.1,4.6,6.29,0.2,0.5,4.84,0.0,1.9,5.34,0.4,1.9,2.79,0.0,1.8,3.18,0.6,1.9,2.58,-0.4,0.4,2.48,2.1,4.6,6.29,0.2,0.5,4.84,0.0,1.9,5.34,0.4,1.9
2015年01月,1.99,-0.5,1.0,6.41,-1.8,-5.7,5.66,6.6,-23.7,7.57,21.1,-12.7,9.56,9.8,-18.5,10.51,1.9,15.2,6.56,-1.5,9.3,8.31,0.5,18.7,6.91,-0.6,-17.1,12.84,1.5,5.2,5.38,0.2,-1.1,2.79,0.4,2.6,3.16,-0.6,1.3,2.59,0.0,1.2,2.43,-0.8,3.0,6.28,0.2,0.3,4.84,0.0,2.1,5.32,0.2,1.5,2.79,0.4,2.6,3.16,-0.6,1.3,2.59,0.0,1.2,2.43,-0.8,3.0,6.28,0.2,0.3,4.84,0.0,2.1,5.32,0.2,1.5
2014年12月,2.0,0.0,-1.0,6.53,20.3,20.9,5.31,11.1,-15.4,6.25,20.7,-12.1,8.71,15.4,0.6,10.31,2.7,18.0,6.66,-3.5,24.3,8.27,-0.8,21.4,6.95,-1.4,-17.5,12.65,3.3,1.4,5.37,0.4,-0.7,2.78,0.4,3.0,3.18,0.6,1.9,2.59,-0.4,0.8,2.45,-0.4,3.8,6.27,-0.5,0.3,4.84,0.0,2.5,5.31,0.0,1.5,2.78,0.4,3.0,3.18,0.6,1.9,2.59,-0.4,0.8,2.45,-0.4,3.8,6.27,-0.5,0.3,4.84,0.0,2.5,5.31,0.0,1.5
2014年11月,2.0,-13.4,-7.4,5.43,27.2,3.0,4.78,8.1,-23.4,5.18,10.0,-19.7,7.55,20.2,-0.8,10.04,0.1,16.2,6.9,-8.4,36.4,8.34,-4.5,16.8,7.05,-4.6,-16.4,12.25,2.3,-2.9,5.35,0.8,-1.3,2.77,0.4,3.0,3.16,-0.6,1.6,2.6,0.0,1.6,2.46,-2.4,4.2,6.3,-0.5,0.8,4.84,0.4,3.0,5.31,-0.2,1.7,2.77,0.4,3.0,3.16,-0.6,1.6,2.6,0.0,1.6,2.46,-2.4,4.2,6.3,-0.5,0.8,4.84,0.4,3.0,5.31,-0.2,1.7
2014年10月,2.31,-10.8,-12.8,4.27,1.2,-17.2,4.42,6.3,-28.5,4.71,5.8,-23.2,6.28,-2.9,-13.0,10.03,-4.5,14.6,7.53,-8.1,47.1,8.73,-1.2,10.6,7.39,-8.3,-11.8,11.98,0.5,-6.3,5.31,0.0,-1.5,2.76,-0.4,3.0,3.18,-0.6,2.3,2.6,0.4,2.4,2.52,-3.8,5.4,6.33,-0.6,1.1,4.82,0.0,2.8,5.32,-0.2,1.3,2.76,-0.4,3.0,3.18,-0.6,2.3,2.6,0.4,2.4,2.52,-3.8,5.4,6.33,-0.6,1.1,4.82,0.0,2.8,5.32,-0.2,1.3
2014年09月,2.59,-0.8,-15.4,4.22,20.2,-5.8,4.16,5.6,-15.4,4.45,6.7,-30.6,6.47,5.4,-2.0,10.5,-5.0,14.8,8.19,3.3,44.4,8.84,1.5,15.6,8.06,-0.7,-3.5,11.92,0.4,-8.4,5.31,0.4,-0.6,2.77,-0.4,3.7,3.2,0.0,2.9,2.59,0.4,3.2,2.62,-0.4,7.4,6.37,0.3,1.4,4.82,-0.2,3.0,5.33,0.4,1.7,2.77,-0.4,3.7,3.2,0.0,2.9,2.59,0.4,3.2,2.62,-0.4,7.4,6.37,0.3,1.4,4.82,-0.2,3.0,5.33,0.4,1.7
2014年08月,2.61,-1.1,-17.4,3.51,9.7,-15.6,3.94,-1.7,-5.3,4.17,-1.7,-24.2,6.14,16.5,-3.8,11.05,-1.7,20.2,7.93,9.8,37.7,8.71,3.3,19.8,8.12,-1.9,1.0,11.87,1.1,-9.9,5.29,0.4,-0.2,2.78,0.4,4.1,3.2,-0.6,2.6,2.58,0.8,4.0,2.63,3.5,7.3,6.35,0.3,1.3,4.83,0.2,3.6,5.31,0.0,1.5,2.78,0.4,4.1,3.2,-0.6,2.6,2.58,0.8,4.0,2.63,3.5,7.3,6.35,0.3,1.3,4.83,0.2,3.6,5.31,0.0,1.5
2014年07月,2.64,1.5,-10.2,3.2,3.6,-14.2,4.01,-8.2,-1.0,4.24,-5.1,-18.1,5.27,-13.9,-13.2,11.24,2.8,21.6,7.22,-1.6,24.1,8.43,1.0,17.7,8.28,-0.1,2.9,11.74,-0.1,-10.9,5.27,0.8,0.2,2.77,0.0,3.7,3.22,0.6,3.2,2.56,0.8,3.6,2.54,2.4,3.7,6.33,0.5,1.1,4.82,0.0,3.9,5.31,0.4,1.7,2.77,0.0,3.7,3.22,0.6,3.2,2.56,0.8,3.6,2.54,2.4,3.7,6.33,0.5,1.1,4.82,0.0,3.9,5.31,0.4,1.7
2014年06月,2.6,16.6,-7.5,3.09,-7.2,-8.0,4.37,-16.4,7.1,4.47,-15.5,-14.7,6.12,-6.8,8.7,10.93,6.5,19.8,7.34,-2.4,20.3,8.35,3.1,16.9,8.29,-0.2,3.4,11.75,0.0,-11.1,5.23,-1.1,0.2,2.77,0.4,3.0,3.2,0.3,3.6,2.54,-0.8,4.1,2.48,1.6,2.5,6.3,0.2,1.1,4.82,0.4,3.9,5.29,0.2,1.5,2.77,0.4,3.0,3.2,0.3,3.6,2.54,-0.8,4.1,2.48,1.6,2.5,6.3,0.2,1.1,4.82,0.4,3.9,5.29,0.2,1.5
2014年05月,2.23,-1.3,-18.3,3.33,-25.2,-8.0,5.23,-15.4,10.6,5.29,-19.6,-11.4,6.57,-25.5,-6.0,10.26,7.7,18.6,7.52,10.1,18.6,8.1,5.2,12.0,8.31,0.5,3.5,11.75,1.3,-13.2,5.29,-1.7,0.8,2.76,0.0,1.5,3.19,1.3,3.6,2.56,0.0,3.2,2.44,2.5,1.7,6.29,0.3,1.0,4.8,0.4,3.2,5.28,0.4,1.5,2.76,0.0,1.5,3.19,1.3,3.6,2.56,0.0,3.2,2.44,2.5,1.7,6.29,0.3,1.0,4.8,0.4,3.2,5.28,0.4,1.5
2014年04月,2.26,7.1,-31.7,4.45,-27.9,-10.5,6.18,-11.5,-1.1,6.58,-12.8,-18.2,8.82,-21.5,-8.0,9.53,2.9,14.4,6.83,6.2,18.8,7.7,6.5,8.3,8.27,0.0,3.0,11.6,-1.0,-15.9,5.38,-0.4,-0.6,2.76,0.0,0.7,3.15,0.3,1.9,2.56,-0.4,2.8,2.38,0.4,-0.4,6.27,0.2,0.6,4.78,0.2,2.4,5.26,0.2,1.5,2.76,0.0,0.7,3.15,0.3,1.9,2.56,-0.4,2.8,2.38,0.4,-0.4,6.27,0.2,0.6,4.78,0.2,2.4,5.26,0.2,1.5
2014年03月,2.11,8.2,-2.8,6.17,-11.1,-1.1,6.98,-8.5,20.8,7.55,-9.0,3.9,11.24,-0.4,20.6,9.26,1.0,11.2,6.43,1.4,18.9,7.23,2.1,3.3,8.27,0.1,2.4,11.72,-1.9,-15.9,5.4,-0.4,0.4,2.76,0.7,0.4,3.14,0.6,1.3,2.57,0.0,3.2,2.37,0.0,-0.8,6.26,0.0,1.1,4.77,0.4,1.9,5.25,0.2,1.0,2.76,0.7,0.4,3.14,0.6,1.3,2.57,0.0,3.2,2.37,0.0,-0.8,6.26,0.0,1.1,4.77,0.4,1.9,5.25,0.2,1.0
2014年02月,1.95,-1.0,-10.6,6.94,2.1,-0.1,7.63,2.8,25.7,8.3,-4.3,23.0,11.29,-3.8,13.0,9.17,0.5,9.7,6.34,5.7,21.9,7.08,1.1,3.4,8.26,-1.0,0.4,11.95,-2.0,-14.8,5.42,-0.4,2.3,2.74,0.7,-0.7,3.12,0.0,0.6,2.57,0.4,2.8,2.37,0.4,-0.8,6.26,0.0,1.8,4.75,0.2,1.3,5.24,0.0,0.4,2.74,0.7,-0.7,3.12,0.0,0.6,2.57,0.4,2.8,2.37,0.4,-0.8,6.26,0.0,1.8,4.75,0.2,1.3,5.24,0.0,0.4
2014年01月,1.97,-2.5,-7.9,6.8,25.9,10.2,7.42,18.2,21.4,8.67,21.9,28.3,11.73,35.5,32.7,9.12,4.3,11.1,6.0,11.9,24.5,7.0,2.8,7.4,8.34,-1.0,1.8,12.2,-2.2,-13.4,5.44,0.6,3.4,2.72,0.7,-1.1,3.12,0.0,1.0,2.56,-0.4,3.2,2.36,0.0,-0.8,6.26,0.2,1.8,4.74,0.4,1.3,5.24,0.2,0.6,2.72,0.7,-1.1,3.12,0.0,1.0,2.56,-0.4,3.2,2.36,0.0,-0.8,6.26,0.2,1.8,4.74,0.4,1.3,5.24,0.2,0.6
2013年12月,2.02,-6.5,9.2,5.4,2.5,-5.1,6.28,0.6,15.0,7.11,10.2,25.4,8.66,13.8,6.5,8.74,1.2,8.0,5.36,5.9,16.8,6.81,-4.6,6.6,8.42,-0.1,3.1,12.47,-1.2,-11.3,5.41,-0.2,4.0,2.7,0.4,-1.8,3.12,0.3,1.0,2.57,0.4,4.9,2.36,0.0,0.0,6.25,0.0,2.6,4.72,0.4,0.9,5.23,0.2,0.4,2.7,0.4,-1.8,3.12,0.3,1.0,2.57,0.4,4.9,2.36,0.0,0.0,6.25,0.0,2.6,4.72,0.4,0.9,5.23,0.2,0.4
2013年11月,2.16,-18.5,34.2,5.27,2.1,20.3,6.24,1.0,31.4,6.45,5.2,46.9,7.61,5.4,9.3,8.64,-1.3,6.1,5.06,-1.2,9.1,7.14,-9.5,3.5,8.43,0.6,3.2,12.62,-1.3,-10.0,5.42,0.6,4.4,2.69,0.4,-1.8,3.11,0.0,0.6,2.56,0.8,6.7,2.36,-1.3,0.0,6.25,-0.2,3.1,4.7,0.2,0.9,5.22,-0.6,0.2,2.69,0.4,-1.8,3.11,0.0,0.6,2.56,0.8,6.7,2.36,-1.3,0.0,6.25,-0.2,3.1,4.7,0.2,0.9,5.22,-0.6,0.2
2013年10月,2.65,-13.4,46.4,5.16,15.2,50.0,6.18,25.6,40.1,6.13,-4.4,48.4,7.22,9.4,39.1,8.75,-4.4,4.3,5.12,-9.7,5.6,7.89,3.1,10.0,8.38,0.4,3.6,12.78,-1.8,-10.0,5.39,0.9,4.3,2.68,0.4,-2.2,3.11,0.0,-0.3,2.54,1.2,7.2,2.39,-2.0,-1.2,6.26,-0.3,4.9,4.69,0.2,0.4,5.25,0.2,0.6,2.68,0.4,-2.2,3.11,0.0,-0.3,2.54,1.2,7.2,2.39,-2.0,-1.2,6.26,-0.3,4.9,4.69,0.2,0.4,5.25,0.2,0.6
2013年09月,3.06,-3.2,19.1,4.48,7.7,30.6,4.92,18.3,-1.6,6.41,16.5,50.5,6.6,3.4,18.3,9.15,-0.4,6.6,5.67,-1.6,19.9,7.65,5.2,15.2,8.35,3.9,2.8,13.02,-1.2,-10.0,5.34,0.8,3.5,2.67,0.0,-2.6,3.11,-0.3,-1.0,2.51,1.2,6.8,2.44,-0.4,-1.6,6.28,0.2,5.4,4.68,0.4,0.2,5.24,0.2,0.8,2.67,0.0,-2.6,3.11,-0.3,-1.0,2.51,1.2,6.8,2.44,-0.4,-1.6,6.28,0.2,5.4,4.68,0.4,0.2,5.24,0.2,0.8
2013年08月,3.16,7.5,3.6,4.16,11.5,9.5,4.16,2.7,-9.8,5.5,6.2,32.2,6.38,5.1,13.9,9.19,-0.5,3.0,5.76,-1.0,21.3,7.27,1.5,12.7,8.04,-0.1,1.9,13.18,0.1,-9.9,5.3,0.8,3.7,2.67,0.0,-2.2,3.12,0.0,0.6,2.48,0.4,6.4,2.45,0.0,-1.6,6.27,0.2,6.6,4.66,0.4,0.4,5.23,0.2,2.1,2.67,0.0,-2.2,3.12,0.0,0.6,2.48,0.4,6.4,2.45,0.0,-1.6,6.27,0.2,6.6,4.66,0.4,0.4,5.23,0.2,2.1
2013年07月,2.94,4.6,18.5,3.73,11.0,19.9,4.05,-0.7,8.0,5.18,-1.1,21.9,6.07,7.8,27.0,9.24,1.3,2.2,5.82,-4.6,20.7,7.16,0.3,17.2,8.05,0.4,2.9,13.17,-0.4,-10.4,5.26,0.8,4.2,2.67,-0.7,-2.2,3.12,1.0,1.6,2.47,1.2,8.3,2.45,1.2,-1.2,6.26,0.5,7.4,4.64,0.0,0.4,5.22,0.2,3.8,2.67,-0.7,-2.2,3.12,1.0,1.6,2.47,1.2,8.3,2.45,1.2,-1.2,6.26,0.5,7.4,4.64,0.0,0.4,5.22,0.2,3.8
2013年06月,2.81,2.9,11.5,3.36,-7.2,24.0,4.08,-13.7,7.9,5.24,-12.2,10.3,5.63,-19.5,21.3,9.12,5.4,2.8,6.1,-3.8,21.5,7.14,-1.2,19.0,8.02,-0.1,3.1,13.22,-2.3,-10.3,5.22,-0.6,2.2,2.69,-1.1,-2.2,3.09,0.3,0.7,2.44,-1.6,6.6,2.42,0.8,0.0,6.23,0.0,6.7,4.64,-0.2,1.1,5.21,0.2,3.8,2.69,-1.1,-2.2,3.09,0.3,0.7,2.44,-1.6,6.6,2.42,0.8,0.0,6.23,0.0,6.7,4.64,-0.2,1.1,5.21,0.2,3.8
2013年05月,2.73,-17.5,-3.2,3.62,-27.2,1.7,4.73,-24.3,-8.5,5.97,-25.7,-9.0,6.99,-27.1,11.1,8.65,3.8,4.3,6.34,10.3,20.1,7.23,1.7,23.6,8.03,0.0,1.9,13.53,-2.0,-7.9,5.25,-3.0,3.3,2.72,-0.7,-0.4,3.08,-0.3,1.0,2.48,-0.4,6.0,2.4,0.4,-0.4,6.23,0.0,7.0,4.65,-0.4,1.8,5.2,0.4,3.8,2.72,-0.7,-0.4,3.08,-0.3,1.0,2.48,-0.4,6.0,2.4,0.4,-0.4,6.23,0.0,7.0,4.65,-0.4,1.8,5.2,0.4,3.8
2013年04月,3.31,52.5,26.8,4.97,-20.4,-1.4,6.25,8.1,-6.6,8.04,10.6,1.0,9.59,2.9,4.2,8.33,0.0,0.6,5.75,6.3,3.2,7.11,1.6,21.3,8.03,-0.6,1.1,13.8,-1.0,-5.3,5.41,0.6,6.3,2.74,-0.4,0.4,3.09,-0.3,1.6,2.49,0.0,6.0,2.39,0.0,0.8,6.23,0.6,8.3,4.67,-0.2,3.1,5.18,-0.4,4.2,2.74,-0.4,0.4,3.09,-0.3,1.6,2.49,0.0,6.0,2.39,0.0,0.8,6.23,0.6,8.3,4.67,-0.2,3.1,5.18,-0.4,4.2
2013年03月,2.17,-0.5,8.5,6.24,-10.2,0.5,5.78,-4.8,-10.0,7.27,7.7,-24.0,9.32,-6.7,-7.9,8.33,-0.4,1.1,5.41,4.0,-7.8,7.0,2.2,18.2,8.08,-1.8,3.2,13.94,-0.6,-2.6,5.38,1.5,6.7,2.75,-0.4,1.5,3.1,0.0,2.3,2.49,-0.4,8.3,2.39,0.0,3.0,6.19,0.7,8.8,4.68,-0.2,4.0,5.2,-0.4,5.1,2.75,-0.4,1.5,3.1,0.0,2.3,2.49,-0.4,8.3,2.39,0.0,3.0,6.19,0.7,8.8,4.68,-0.2,4.0,5.2,-0.4,5.1
2013年02月,2.18,1.9,45.3,6.95,12.6,9.4,6.07,-0.7,2.5,6.75,-0.1,-15.1,9.99,13.0,7.4,8.36,1.8,2.1,5.2,7.9,-12.3,6.85,5.1,13.8,8.23,0.5,4.8,14.03,-0.4,0.5,5.3,0.8,5.2,2.76,0.4,2.6,3.1,0.3,2.6,2.5,0.8,9.2,2.39,0.4,4.8,6.15,0.0,8.3,4.69,0.2,5.6,5.22,0.2,5.5,2.76,0.4,2.6,3.1,0.3,2.6,2.5,0.8,9.2,2.39,0.4,4.8,6.15,0.0,8.3,4.69,0.2,5.6,5.22,0.2,5.5
2013年01月,2.14,15.7,48.6,6.17,8.4,-24.5,6.11,11.9,5.0,6.76,19.2,-31.3,8.84,8.7,-11.2,8.21,1.5,-0.7,4.82,5.0,-20.5,6.52,2.0,3.2,8.19,0.2,2.8,14.09,0.2,2.7,5.26,1.2,4.8,2.75,0.0,3.4,3.09,0.0,1.3,2.48,1.2,6.9,2.38,0.8,4.4,6.15,1.0,8.7,4.68,0.0,6.6,5.21,0.0,4.6,2.75,0.0,3.4,3.09,0.0,1.3,2.48,1.2,6.9,2.38,0.8,4.4,6.15,1.0,8.7,4.68,0.0,6.6,5.21,0.0,4.6
2012年12月,1.85,14.9,41.2,5.69,29.9,-5.5,5.46,14.9,18.2,5.67,29.2,-7.2,8.13,16.8,4.5,8.09,-0.6,2.7,4.59,-1.1,-21.7,6.39,-7.4,-2.6,8.17,0.0,1.0,14.06,0.2,3.8,5.2,0.2,0.0,2.75,0.4,5.0,3.09,0.0,1.6,2.45,2.1,6.1,2.36,0.0,4.0,6.09,0.5,8.0,4.68,0.4,7.6,5.21,0.0,5.5,2.75,0.4,5.0,3.09,0.0,1.6,2.45,2.1,6.1,2.36,0.0,4.0,6.09,0.5,8.0,4.68,0.4,7.6,5.21,0.0,5.5
2012年11月,1.61,-11.0,8.1,4.38,27.3,5.3,4.75,7.7,15.6,4.39,6.3,-7.4,6.96,34.1,22.5,8.14,-3.0,6.4,4.64,-4.3,-21.2,6.9,-3.8,-2.5,8.17,1.0,-1.0,14.03,-1.2,1.2,5.19,0.4,5.9,2.74,0.0,5.0,3.09,-1.0,1.6,2.4,1.3,4.3,2.36,-2.5,2.2,6.06,1.5,7.4,4.66,-0.2,8.1,5.21,-0.2,5.7,2.74,0.0,5.0,3.09,-1.0,1.6,2.4,1.3,4.3,2.36,-2.5,2.2,6.06,1.5,7.4,4.66,-0.2,8.1,5.21,-0.2,5.7
2012年10月,1.81,-29.6,-11.7,3.44,0.3,0.6,4.41,-11.8,10.0,4.13,-3.1,-10.6,5.19,-7.0,-4.2,8.39,-2.2,7.7,4.85,2.5,-12.8,7.17,8.0,-4.9,8.09,-0.4,-8.7,14.2,-1.9,0.2,5.17,0.2,5.1,2.74,0.0,5.4,3.12,-0.6,2.3,2.37,0.9,3.0,2.42,-2.4,1.3,5.97,0.2,6.2,4.67,0.0,8.1,5.22,0.4,5.7,2.74,0.0,5.4,3.12,-0.6,2.3,2.37,0.9,3.0,2.42,-2.4,1.3,5.97,0.2,6.2,4.67,0.0,8.1,5.22,0.4,5.7
2012年09月,2.57,-15.7,8.4,3.43,-9.7,-0.9,5.0,8.5,33.0,4.26,2.4,6.0,5.58,-0.4,2.6,8.58,-3.8,7.1,4.73,-0.4,-6.2,6.64,2.9,-13.2,8.12,2.9,-10.3,14.47,-1.1,-0.1,5.16,1.0,5.1,2.74,0.4,7.0,3.14,1.3,2.6,2.35,0.9,3.1,2.48,-0.4,2.5,5.96,1.4,6.4,4.67,0.6,8.4,5.2,1.6,5.7,2.74,0.4,7.0,3.14,1.3,2.6,2.35,0.9,3.1,2.48,-0.4,2.5,5.96,1.4,6.4,4.67,0.6,8.4,5.2,1.6,5.7
2012年08月,3.05,23.0,32.0,3.8,22.2,24.2,4.61,22.9,32.9,4.16,-2.1,15.2,5.6,17.2,14.3,8.92,-1.3,8.3,4.75,-1.5,5.6,6.45,5.6,-10.5,7.89,0.9,-20.2,14.63,-0.5,1.5,5.11,1.2,4.7,2.73,0.0,7.5,3.1,1.0,1.3,2.33,2.2,2.6,2.49,0.4,4.6,5.88,0.9,4.8,4.64,0.4,9.4,5.12,1.8,4.5,2.73,0.0,7.5,3.1,1.0,1.3,2.33,2.2,2.6,2.49,0.4,4.6,5.88,0.9,4.8,4.64,0.4,9.4,5.12,1.8,4.5
2012年07月,2.48,-1.6,-1.6,3.11,14.8,17.4,3.75,-0.8,3.3,4.25,-10.5,10.7,4.78,3.0,3.2,9.04,1.9,4.8,4.82,-4.0,8.8,6.11,1.8,-14.7,7.82,0.5,-22.3,14.7,-0.2,4.6,5.05,-1.2,5.9,2.73,-0.7,7.9,3.07,0.0,1.3,2.28,-0.4,0.9,2.48,2.5,5.5,5.83,-0.2,3.4,4.62,0.7,10.0,5.03,0.2,3.9,2.73,-0.7,7.9,3.07,0.0,1.3,2.28,-0.4,0.9,2.48,2.5,5.5,5.83,-0.2,3.4,4.62,0.7,10.0,5.03,0.2,3.9
2012年06月,2.52,-10.6,16.1,2.71,-23.9,3.4,3.78,-26.9,7.7,4.75,-27.6,21.5,4.64,-26.2,1.5,8.87,7.0,2.4,5.02,-4.9,-4.4,6.0,2.6,-12.9,7.78,-1.3,-22.4,14.73,0.3,10.3,5.11,0.6,9.0,2.75,0.7,9.1,3.07,0.7,2.0,2.29,-2.1,2.2,2.42,0.4,4.3,5.84,0.3,3.9,4.59,0.4,9.8,5.02,0.2,4.8,2.75,0.7,9.1,3.07,0.7,2.0,2.29,-2.1,2.2,2.42,0.4,4.3,5.84,0.3,3.9,4.59,0.4,9.8,5.02,0.2,4.8
2012年05月,2.82,8.0,62.1,3.56,-29.4,7.9,5.17,-22.7,21.9,6.56,-17.6,38.4,6.29,-31.6,5.7,8.29,0.1,-3.7,5.28,-5.2,-16.2,5.85,-0.2,-14.2,7.88,-0.8,-21.1,14.69,0.8,20.7,5.08,-0.2,8.8,2.73,0.0,9.6,3.05,0.3,2.7,2.34,-0.4,3.1,2.41,1.7,6.2,5.82,1.2,4.3,4.57,0.9,10.7,5.01,0.8,5.5,2.73,0.0,9.6,3.05,0.3,2.7,2.34,-0.4,3.1,2.41,1.7,6.2,5.82,1.2,4.3,4.57,0.9,10.7,5.01,0.8,5.5
2012年04月,2.61,30.5,69.5,5.04,-18.8,33.7,6.69,4.2,40.0,7.96,-16.8,35.4,9.2,-9.1,32.8,8.28,0.5,-2.8,5.57,-5.1,-19.4,5.86,-1.0,-11.5,7.94,1.4,-24.4,14.58,1.9,26.7,5.09,1.0,9.0,2.73,0.7,11.0,3.04,0.3,2.4,2.35,2.2,4.0,2.37,2.2,7.2,5.75,1.1,3.0,4.53,0.7,10.5,4.97,0.4,4.9,2.73,0.7,11.0,3.04,0.3,2.4,2.35,2.2,4.0,2.37,2.2,7.2,5.75,1.1,3.0,4.53,0.7,10.5,4.97,0.4,4.9
2012年03月,2.0,33.3,30.7,6.21,-2.2,32.7,6.42,8.4,28.7,9.57,20.4,20.1,10.12,8.8,15.0,8.24,0.6,-1.9,5.87,-1.0,-1.7,5.92,-1.7,-5.4,7.83,-0.3,-26.9,14.31,2.5,28.7,5.04,0.0,9.1,2.71,0.7,11.1,3.03,0.3,3.1,2.3,0.4,3.1,2.32,1.8,6.9,5.69,0.2,2.5,4.5,1.4,11.7,4.95,0.0,5.1,2.71,0.7,11.1,3.03,0.3,3.1,2.3,0.4,3.1,2.32,1.8,6.9,5.69,0.2,2.5,4.5,1.4,11.7,4.95,0.0,5.1
2012年02月,1.5,4.2,-12.3,6.35,-22.3,25.2,5.92,1.7,16.1,7.95,-19.2,19.5,9.3,-6.5,12.7,8.19,-1.0,-1.9,5.93,-2.1,4.0,6.02,-4.7,-3.7,7.85,-1.5,-25.0,13.96,1.7,26.3,5.04,0.4,10.8,2.69,1.1,13.5,3.02,-1.0,4.5,2.29,-1.3,2.7,2.28,0.0,7.5,5.68,0.4,2.7,4.44,1.1,13.6,4.95,-0.6,6.5,2.69,1.1,13.5,3.02,-1.0,4.5,2.29,-1.3,2.7,2.28,0.0,7.5,5.68,0.4,2.7,4.44,1.1,13.6,4.95,-0.6,6.5
2012年01月,1.44,9.9,-18.2,8.17,35.7,65.1,5.82,26.0,15.9,9.84,61.0,72.9,9.95,27.9,37.4,8.27,4.9,2.6,6.06,3.4,16.5,6.32,-3.7,9.0,7.97,-1.5,-21.9,13.72,1.3,25.3,5.02,-3.5,12.1,2.66,1.5,13.7,3.05,0.3,7.8,2.32,0.4,5.0,2.28,0.4,8.6,5.66,0.4,2.7,4.39,0.9,13.7,4.98,0.8,7.8,2.66,1.5,13.7,3.05,0.3,7.8,2.32,0.4,5.0,2.28,0.4,8.6,5.66,0.4,2.7,4.39,0.9,13.7,4.98,0.8,7.8
2011年12月,1.31,-12.1,-23.4,6.02,44.7,59.3,4.62,12.4,7.2,6.11,28.9,44.4,7.78,37.0,44.1,7.88,3.0,6.1,5.86,-0.5,20.8,6.56,-7.3,16.1,8.09,-1.9,-22.1,13.54,-2.3,24.7,5.2,6.1,13.5,2.62,0.4,12.0,3.04,0.0,8.6,2.31,0.4,6.5,2.27,-1.7,8.1,5.64,0.0,2.9,4.35,0.9,15.4,4.94,0.2,7.9,2.62,0.4,12.0,3.04,0.0,8.6,2.31,0.4,6.5,2.27,-1.7,8.1,5.64,0.0,2.9,4.35,0.9,15.4,4.94,0.2,7.9
2011年11月,1.49,-27.3,-25.1,4.16,21.6,5.1,4.11,2.5,-12.7,4.74,2.6,4.6,5.68,4.8,1.4,7.65,-1.8,6.5,5.89,5.9,27.2,7.08,-6.1,24.0,8.25,-6.9,-25.7,13.86,-2.2,28.9,4.9,-0.4,11.1,2.61,0.4,13.5,3.04,-0.3,9.7,2.3,0.0,6.5,2.31,-3.3,9.0,5.64,0.4,3.1,4.31,-0.2,15.9,4.93,-0.2,8.6,2.61,0.4,13.5,3.04,-0.3,9.7,2.3,0.0,6.5,2.31,-3.3,9.0,5.64,0.4,3.1,4.31,-0.2,15.9,4.93,-0.2,8.6
2011年10月,2.05,-13.5,-5.5,3.42,-1.2,-5.3,4.01,6.6,-9.5,4.62,14.9,10.0,5.42,-0.4,4.6,7.79,-2.7,14.2,5.56,10.3,21.1,7.54,-1.4,36.1,8.86,-2.1,-5.4,14.17,-2.2,36.6,4.92,0.2,16.9,2.6,1.6,19.3,3.05,-0.3,15.5,2.3,0.9,9.0,2.39,-1.2,13.8,5.62,0.4,5.8,4.32,0.2,20.0,4.94,0.4,12.3,2.6,1.6,19.3,3.05,-0.3,15.5,2.3,0.9,9.0,2.39,-1.2,13.8,5.62,0.4,5.8,4.32,0.2,20.0,4.94,0.4,12.3
2011年09月,2.37,2.6,8.2,3.46,13.1,17.3,3.76,8.4,7.1,4.02,11.4,10.7,5.44,11.0,17.7,8.01,-2.8,14.3,5.04,12.0,2.6,7.65,6.1,44.9,9.05,-8.5,20.2,14.49,0.5,42.9,4.91,0.6,17.7,2.56,0.8,19.1,3.06,0.0,16.3,2.28,0.4,8.6,2.42,1.7,13.1,5.6,-0.2,7.1,4.31,1.7,21.4,4.92,0.4,12.6,2.56,0.8,19.1,3.06,0.0,16.3,2.28,0.4,8.6,2.42,1.7,13.1,5.6,-0.2,7.1,4.31,1.7,21.4,4.92,0.4,12.6
2011年08月,2.31,-8.3,-2.5,3.06,15.5,5.9,3.47,-4.4,8.8,3.61,-6.0,5.2,4.9,5.8,10.9,8.24,-4.5,13.0,4.5,1.6,-10.0,7.21,0.7,39.2,9.89,-1.7,42.1,14.42,2.6,45.8,4.88,2.3,14.8,2.54,0.4,19.8,3.06,1.0,16.8,2.27,0.4,9.7,2.38,1.3,12.8,5.61,-0.5,7.5,4.24,1.0,21.1,4.9,1.2,13.7,2.54,0.4,19.8,3.06,1.0,16.8,2.27,0.4,9.7,2.38,1.3,12.8,5.61,-0.5,7.5,4.24,1.0,21.1,4.9,1.2,13.7
2011年07月,2.52,16.1,16.7,2.65,1.1,15.2,3.63,3.4,41.8,3.84,-1.8,17.1,4.63,1.3,19.6,8.63,-0.3,20.2,4.43,-15.6,-12.8,7.16,3.9,39.3,10.06,0.4,45.8,14.05,5.2,42.8,4.77,1.7,15.8,2.53,0.4,18.2,3.03,0.7,16.1,2.26,0.9,9.7,2.35,1.3,10.8,5.64,0.4,9.7,4.2,0.5,21.0,4.84,1.0,13.9,2.53,0.4,18.2,3.03,0.7,16.1,2.26,0.9,9.7,2.35,1.3,10.8,5.64,0.4,9.7,4.2,0.5,21.0,4.84,1.0,13.9
2011年06月,2.17,24.7,19.2,2.62,-20.6,18.0,3.51,-17.2,25.4,3.91,-17.5,3.7,4.57,-23.2,19.3,8.66,0.6,24.2,5.25,-16.7,-0.8,6.89,1.0,32.8,10.02,0.3,46.3,13.36,9.8,35.9,4.69,0.4,13.3,2.52,1.2,18.3,3.01,1.3,15.8,2.24,-1.3,9.8,2.32,2.2,10.5,5.62,0.7,8.9,4.18,1.2,20.8,4.79,0.8,13.2,2.52,1.2,18.3,3.01,1.3,15.8,2.24,-1.3,9.8,2.32,2.2,10.5,5.62,0.7,8.9,4.18,1.2,20.8,4.79,0.8,13.2
2011年05月,1.74,13.0,-23.3,3.3,-12.5,5.4,4.24,-11.3,6.0,4.74,-19.4,-4.0,5.95,-14.1,-0.7,8.61,1.1,31.9,6.3,-8.8,21.2,6.82,3.0,35.0,9.99,-4.9,47.1,12.17,5.7,24.2,4.67,0.0,9.9,2.49,1.2,18.0,2.97,0.0,15.1,2.27,0.4,10.2,2.27,2.7,10.7,5.58,0.0,8.3,4.13,0.7,20.1,4.75,0.2,13.4,2.49,1.2,18.0,2.97,0.0,15.1,2.27,0.4,10.2,2.27,2.7,10.7,5.58,0.0,8.3,4.13,0.7,20.1,4.75,0.2,13.4
2011年04月,1.54,0.7,-44.8,3.77,-19.4,-11.1,4.78,-4.2,-2.2,5.88,-26.2,-1.5,6.93,-21.3,3.0,8.52,1.4,35.7,6.91,15.7,40.7,6.62,5.8,36.5,10.5,-2.0,58.6,11.51,3.5,17.7,4.67,1.1,13.3,2.46,0.8,18.8,2.97,1.0,18.8,2.26,1.3,10.2,2.21,1.8,11.1,5.58,0.5,10.1,4.1,1.7,21.7,4.74,0.6,15.6,2.46,0.8,18.8,2.97,1.0,18.8,2.26,1.3,10.2,2.21,1.8,11.1,5.58,0.5,10.1,4.1,1.7,21.7,4.74,0.6,15.6
2011年03月,1.53,-10.5,-35.4,4.68,-7.7,-6.6,4.99,-2.2,4.8,7.97,19.8,50.4,8.8,6.7,20.7,8.4,0.6,37.5,5.97,4.7,38.5,6.26,0.2,33.2,10.71,2.4,64.3,11.12,0.6,14.5,4.62,1.5,14.4,2.44,3.0,20.8,2.94,1.7,19.5,2.23,0.0,9.9,2.17,2.4,12.4,5.55,0.4,10.6,4.03,3.1,21.0,4.71,1.3,17.5,2.44,3.0,20.8,2.94,1.7,19.5,2.23,0.0,9.9,2.17,2.4,12.4,5.55,0.4,10.6,4.03,3.1,21.0,4.71,1.3,17.5
2011年02月,1.71,-2.8,-22.6,5.07,2.4,-16.2,5.1,1.6,-2.7,6.65,16.9,17.1,8.25,14.0,15.7,8.35,3.6,37.6,5.7,9.6,35.4,6.25,7.8,36.8,10.46,2.5,60.4,11.05,0.9,13.7,4.55,1.6,10.4,2.37,1.3,19.7,2.89,2.1,20.4,2.23,0.9,10.9,2.12,1.0,11.6,5.53,0.4,10.6,3.91,1.3,18.8,4.65,0.6,17.4,2.37,1.3,19.7,2.89,2.1,20.4,2.23,0.9,10.9,2.12,1.0,11.6,5.53,0.4,10.6,3.91,1.3,18.8,4.65,0.6,17.4
2011年01月,1.76,2.9,-5.4,4.95,31.0,6.9,5.02,16.5,8.7,5.69,34.5,11.6,7.24,34.1,20.7,8.06,8.5,40.9,5.2,7.2,37.2,5.8,2.7,38.8,10.2,-1.7,59.4,10.95,0.8,14.7,4.48,-2.2,10.6,2.34,0.0,18.2,2.83,1.1,24.1,2.21,1.8,10.0,2.1,0.0,11.7,5.51,0.5,10.2,3.86,2.4,18.0,4.62,0.9,18.5,2.34,0.0,18.2,2.83,1.1,24.1,2.21,1.8,10.0,2.1,0.0,11.7,5.51,0.5,10.2,3.86,2.4,18.0,4.62,0.9,18.5
2010年12月,1.71,-14.1,13.2,3.78,-4.5,-17.3,4.31,-8.5,-1.6,4.23,-6.6,-10.9,5.4,-3.6,-2.0,7.43,3.5,35.3,4.85,4.8,32.9,5.65,-1.1,34.2,10.38,-6.5,61.4,10.86,1.0,17.5,4.58,3.9,12.5,2.34,1.7,19.4,2.8,1.1,26.1,2.17,0.5,8.5,2.1,-0.9,12.9,5.48,0.2,10.5,3.77,1.3,16.4,4.58,0.9,19.6,2.34,1.7,19.4,2.8,1.1,26.1,2.17,0.5,8.5,2.1,-0.9,12.9,5.48,0.2,10.5,3.77,1.3,16.4,4.58,0.9,19.6
2010年11月,1.99,-8.3,32.7,3.96,9.7,3.7,4.71,6.3,25.9,4.53,7.9,14.4,5.6,8.1,15.7,7.18,5.3,31.3,4.63,0.9,21.8,5.71,3.1,32.2,11.1,18.5,77.6,10.75,3.7,24.4,4.41,4.8,12.5,2.3,5.5,18.6,2.77,4.9,28.2,2.16,2.4,9.6,2.12,1.0,17.1,5.47,3.0,12.3,3.72,3.3,15.9,4.54,3.2,21.1,2.3,5.5,18.6,2.77,4.9,28.2,2.16,2.4,9.6,2.12,1.0,17.1,5.47,3.0,12.3,3.72,3.3,15.9,4.54,3.2,21.1
2010年10月,2.17,-0.9,37.3,3.61,22.4,32.2,4.43,26.2,36.3,4.2,15.7,22.4,5.18,12.1,35.2,6.82,-2.7,22.0,4.59,-6.5,13.1,5.54,4.9,20.7,9.37,24.4,59.4,10.37,2.3,29.5,4.21,1.0,8.5,2.18,1.4,12.4,2.64,0.4,21.7,2.11,0.5,8.2,2.1,-1.9,15.4,5.31,1.5,10.4,3.6,1.4,12.5,4.4,0.7,17.6,2.18,1.4,12.4,2.64,0.4,21.7,2.11,0.5,8.2,2.1,-1.9,15.4,5.31,1.5,10.4,3.6,1.4,12.5,4.4,0.7,17.6
2010年09月,2.19,-7.6,11.2,2.95,2.1,10.1,3.51,10.0,10.4,3.63,5.8,12.4,4.62,4.5,19.1,7.01,-3.8,15.5,4.91,-1.8,13.4,5.28,1.9,12.3,7.53,8.2,34.0,10.14,2.5,30.3,4.17,-1.9,8.0,2.15,1.4,10.8,2.63,0.4,19.5,2.1,1.4,8.2,2.14,1.4,13.8,5.23,0.2,7.8,3.55,1.4,11.3,4.37,1.4,16.2,2.15,1.4,10.8,2.63,0.4,19.5,2.1,1.4,8.2,2.14,1.4,13.8,5.23,0.2,7.8,3.55,1.4,11.3,4.37,1.4,16.2
2010年08月,2.37,9.7,26.7,2.89,25.7,27.9,3.19,24.6,10.4,3.43,4.6,22.9,4.42,14.2,33.1,7.29,1.5,8.8,5.0,-1.6,5.5,5.18,0.8,10.7,6.96,0.9,24.7,9.89,0.5,30.3,4.25,3.2,11.3,2.12,-0.9,8.7,2.62,0.4,19.6,2.07,0.5,7.8,2.11,-0.5,14.7,5.22,1.6,7.6,3.5,0.9,9.7,4.31,1.4,15.5,2.12,-0.9,8.7,2.62,0.4,19.6,2.07,0.5,7.8,2.11,-0.5,14.7,5.22,1.6,7.6,3.5,0.9,9.7,4.31,1.4,15.5
2010年07月,2.16,18.7,26.3,2.3,3.6,14.4,2.56,-8.6,2.8,3.28,-13.0,17.1,3.87,1.0,27.3,7.18,3.0,-1.4,5.08,-4.0,4.1,5.14,-1.0,12.5,6.9,0.7,23.7,9.84,0.1,30.3,4.12,-0.5,5.9,2.14,0.5,9.7,2.61,0.4,17.6,2.06,1.0,7.9,2.12,1.0,19.1,5.14,-0.4,6.9,3.47,0.3,8.4,4.25,0.5,15.5,2.14,0.5,9.7,2.61,0.4,17.6,2.06,1.0,7.9,2.12,1.0,19.1,5.14,-0.4,6.9,3.47,0.3,8.4,4.25,0.5,15.5
2010年06月,1.82,-19.8,5.8,2.22,-29.1,9.9,2.8,-30.0,5.7,3.77,-23.7,19.3,3.83,-36.1,21.6,6.97,6.7,1.6,5.29,1.7,4.8,5.19,2.8,14.6,6.85,0.9,25.5,9.83,0.3,30.7,4.14,-2.6,6.4,2.13,0.9,8.7,2.6,0.8,18.7,2.04,-1.0,7.4,2.1,2.4,22.1,5.16,0.2,7.3,3.46,0.6,8.8,4.23,1.0,15.9,2.13,0.9,8.7,2.6,0.8,18.7,2.04,-1.0,7.4,2.1,2.4,22.1,5.16,0.2,7.3,3.46,0.6,8.8,4.23,1.0,15.9
2010年05月,2.27,-18.6,17.6,3.13,-26.2,8.7,4.0,-18.2,13.0,4.94,-17.3,14.1,5.99,-11.0,23.0,6.53,4.0,7.9,5.2,5.9,1.6,5.05,4.1,15.0,6.79,2.6,23.7,9.8,0.2,31.2,4.25,3.2,4.2,2.11,1.9,8.2,2.58,3.2,18.9,2.06,0.5,7.9,2.05,3.0,22.0,5.15,1.6,7.7,3.44,2.1,8.5,4.19,2.2,16.1,2.11,1.9,8.2,2.58,3.2,18.9,2.06,0.5,7.9,2.05,3.0,22.0,5.15,1.6,7.7,3.44,2.1,8.5,4.19,2.2,16.1
2010年04月,2.79,17.7,43.8,4.24,-15.4,19.8,4.89,2.7,19.3,5.97,12.6,9.5,6.73,-7.7,19.8,6.28,2.8,19.4,4.91,13.9,12.4,4.85,3.2,18.3,6.62,1.5,24.4,9.78,0.7,32.9,4.12,2.0,-4.4,2.07,2.5,7.3,2.5,1.6,16.8,2.05,1.0,7.3,1.99,3.1,19.9,5.07,1.0,6.1,3.37,1.2,6.6,4.1,2.2,16.5,2.07,2.5,7.3,2.5,1.6,16.8,2.05,1.0,7.3,1.99,3.1,19.9,5.07,1.0,6.1,3.37,1.2,6.6,4.1,2.2,16.5
2010年03月,2.37,7.2,65.7,5.01,-17.2,11.1,4.76,-9.2,13.9,5.3,-6.7,-11.5,7.29,2.2,15.5,6.11,0.7,24.9,4.31,2.4,9.1,4.7,2.8,22.4,6.52,0.0,26.8,9.71,-0.1,31.6,4.04,-1.9,-8.0,2.02,2.0,5.2,2.46,2.5,17.1,2.03,1.0,5.7,1.93,1.6,19.1,5.02,0.4,3.9,3.33,1.2,5.0,4.01,1.3,14.6,2.02,2.0,5.2,2.46,2.5,17.1,2.03,1.0,5.7,1.93,1.6,19.1,5.02,0.4,3.9,3.33,1.2,5.0,4.01,1.3,14.6
2010年02月,2.21,18.8,90.5,6.05,30.7,31.2,5.24,13.4,26.6,5.68,11.4,-7.9,7.13,18.8,13.5,6.07,6.1,25.2,4.21,11.1,7.7,4.57,9.3,19.6,6.52,1.9,31.7,9.72,1.8,26.9,4.12,1.7,-8.8,1.98,0.0,4.2,2.4,5.3,16.5,2.01,0.0,5.8,1.9,1.1,20.3,5.0,0.0,3.3,3.29,0.6,4.4,3.96,1.5,15.5,1.98,0.0,4.2,2.4,5.3,16.5,2.01,0.0,5.8,1.9,1.1,20.3,5.0,0.0,3.3,3.29,0.6,4.4,3.96,1.5,15.5
2010年01月,1.86,23.2,59.0,4.63,1.3,-2.1,4.62,5.5,6.7,5.1,7.4,-27.6,6.0,8.9,-7.8,5.72,4.2,17.9,3.79,3.8,-5.7,4.18,-0.7,9.1,6.4,-0.5,32.2,9.55,3.4,22.3,4.05,-0.5,-7.5,1.98,1.0,5.3,2.28,2.7,12.9,2.01,0.5,8.6,1.88,1.1,19.0,5.0,0.8,1.8,3.27,0.9,4.1,3.9,1.8,14.4,1.98,1.0,5.3,2.28,2.7,12.9,2.01,0.5,8.6,1.88,1.1,19.0,5.0,0.8,1.8,3.27,0.9,4.1,3.9,1.8,14.4
2009年12月,1.51,0.7,33.6,4.57,19.6,27.3,4.38,17.1,34.8,4.75,19.9,9.2,5.51,13.8,14.3,5.49,0.4,14.9,3.65,-3.9,-8.3,4.21,-2.5,7.4,6.43,2.9,30.7,9.24,6.9,9.1,4.07,3.8,-7.5,1.96,1.0,3.7,2.22,2.8,11.0,2.0,1.5,9.9,1.86,2.8,16.3,4.96,1.8,-0.8,3.24,0.9,4.2,3.83,2.1,14.0,1.96,1.0,3.7,2.22,2.8,11.0,2.0,1.5,9.9,1.86,2.8,16.3,4.96,1.8,-0.8,3.24,0.9,4.2,3.83,2.1,14.0
2009年11月,1.5,-5.1,22.0,3.82,39.9,24.0,3.74,15.1,24.7,3.96,15.5,18.6,4.84,26.4,16.6,5.47,-2.1,11.6,3.8,-6.4,-7.5,4.32,-5.9,0.7,6.25,6.3,23.0,8.64,7.9,-7.6,3.92,1.0,-13.3,1.94,0.0,2.1,2.16,-0.5,5.4,1.97,1.0,9.4,1.81,-0.5,7.1,4.87,1.2,-7.8,3.21,0.3,2.2,3.75,0.3,10.6,1.94,0.0,2.1,2.16,-0.5,5.4,1.97,1.0,9.4,1.81,-0.5,7.1,4.87,1.2,-7.8,3.21,0.3,2.2,3.75,0.3,10.6
2009年10月,1.58,-19.8,2.6,2.73,1.9,6.2,3.25,2.2,18.6,3.43,6.2,22.9,3.83,-1.3,8.5,5.59,-7.9,7.3,4.06,-6.2,2.3,4.59,-2.3,5.5,5.88,4.6,-1.5,8.01,3.0,-20.6,3.88,0.5,-18.7,1.94,0.0,1.0,2.17,-1.4,4.8,1.95,0.5,8.9,1.82,-3.2,3.4,4.81,-0.8,-15.2,3.2,0.3,1.3,3.74,-0.5,8.4,1.94,0.0,1.0,2.17,-1.4,4.8,1.95,0.5,8.9,1.82,-3.2,3.4,4.81,-0.8,-15.2,3.2,0.3,1.3,3.74,-0.5,8.4
2009年09月,1.97,5.3,14.5,2.68,18.6,22.9,3.18,10.0,38.9,3.23,15.8,31.8,3.88,16.9,20.5,6.07,-9.4,12.2,4.33,-8.6,7.7,4.7,0.4,8.0,5.62,0.7,-7.4,7.78,2.5,-26.0,3.86,1.0,-22.3,1.94,-0.5,0.0,2.2,0.5,4.8,1.94,1.0,8.4,1.88,2.2,5.0,4.85,0.0,-20.0,3.19,0.0,0.3,3.76,0.8,8.7,1.94,-0.5,0.0,2.2,0.5,4.8,1.94,1.0,8.4,1.88,2.2,5.0,4.85,0.0,-20.0,3.19,0.0,0.3,3.76,0.8,8.7
2009年08月,1.87,9.4,6.9,2.26,12.4,15.3,2.89,16.1,39.6,2.79,-0.4,20.8,3.32,9.2,8.1,6.7,-8.0,19.9,4.74,-2.9,23.1,4.68,2.4,4.7,5.58,0.0,-12.8,7.59,0.5,-29.3,3.82,-1.8,-25.2,1.95,0.0,1.0,2.19,-1.4,5.3,1.92,0.5,7.9,1.84,3.4,1.7,4.85,0.8,-20.4,3.19,-0.3,0.3,3.73,1.4,7.8,1.95,0.0,1.0,2.19,-1.4,5.3,1.92,0.5,7.9,1.84,3.4,1.7,4.85,0.8,-20.4,3.19,-0.3,0.3,3.73,1.4,7.8
2009年07月,1.71,-0.6,-0.6,2.01,-0.5,15.5,2.49,-6.0,22.1,2.8,-11.4,18.6,3.04,-3.5,9.0,7.28,6.1,25.5,4.88,-3.4,29.8,4.57,0.9,-1.5,5.58,2.2,-13.2,7.55,0.4,-30.2,3.89,0.0,-24.9,1.95,-0.5,1.6,2.22,1.4,7.8,1.91,0.5,9.1,1.78,3.5,-1.7,4.81,0.0,-21.3,3.2,0.6,1.6,3.68,0.8,7.0,1.95,-0.5,1.6,2.22,1.4,7.8,1.91,0.5,9.1,1.78,3.5,-1.7,4.81,0.0,-21.3,3.2,0.6,1.6,3.68,0.8,7.0
2009年06月,1.72,-10.9,11.7,2.02,-29.9,14.8,2.65,-25.1,13.7,3.16,-27.0,15.3,3.15,-35.3,8.6,6.86,13.4,19.7,5.05,-1.4,25.9,4.53,3.2,-1.1,5.46,-0.5,-13.9,7.52,0.7,-30.1,3.89,-4.7,-23.3,1.96,0.5,2.6,2.19,0.9,6.8,1.9,-0.5,10.5,1.72,2.4,-4.4,4.81,0.6,-20.8,3.18,0.3,1.3,3.65,1.1,7.0,1.96,0.5,2.6,2.19,0.9,6.8,1.9,-0.5,10.5,1.72,2.4,-4.4,4.81,0.6,-20.8,3.18,0.3,1.3,3.65,1.1,7.0
2009年05月,1.93,-0.5,27.8,2.88,-18.6,28.0,3.54,-13.7,6.3,4.33,-20.6,14.6,4.87,-13.3,16.8,6.05,15.0,10.2,5.12,17.2,22.2,4.39,7.1,-2.4,5.49,3.2,-13.1,7.47,1.5,-30.4,4.08,-5.3,-17.4,1.95,1.0,3.2,2.17,1.4,7.4,1.91,0.0,10.4,1.68,1.2,-5.1,4.78,0.0,-20.2,3.17,0.3,1.9,3.61,2.6,7.1,1.95,1.0,3.2,2.17,1.4,7.4,1.91,0.0,10.4,1.68,1.2,-5.1,4.78,0.0,-20.2,3.17,0.3,1.9,3.61,2.6,7.1
2009年04月,1.94,35.7,23.6,3.54,-21.5,5.7,4.1,-1.9,0.7,5.45,-9.0,5.0,5.62,-10.9,2.6,5.26,7.6,-3.1,4.37,10.6,2.1,4.1,6.8,-7.0,5.32,3.5,-16.2,7.36,-0.3,-31.0,4.31,-1.8,-12.8,1.93,0.5,4.9,2.14,1.9,12.0,1.91,-0.5,10.4,1.66,2.5,-4.0,4.78,-1.0,-18.4,3.16,-0.3,4.3,3.52,0.6,7.3,1.93,0.5,4.9,2.14,1.9,12.0,1.91,-0.5,10.4,1.66,2.5,-4.0,4.78,-1.0,-18.4,3.16,-0.3,4.3,3.52,0.6,7.3
2009年03月,1.43,23.3,9.2,4.51,-2.2,6.1,4.18,1.0,-0.5,5.99,-2.9,-1.3,6.31,0.5,-5.5,4.89,0.8,-6.9,3.95,1.0,-2.9,3.84,0.5,-11.9,5.14,3.8,-18.2,7.38,-3.7,-29.8,4.39,-2.9,-12.7,1.92,1.1,4.9,2.1,1.9,8.2,1.92,1.1,11.0,1.62,2.5,-4.7,4.83,-0.2,-15.7,3.17,0.6,5.3,3.5,2.0,5.7,1.92,1.1,4.9,2.1,1.9,8.2,1.92,1.1,11.0,1.62,2.5,-4.7,4.83,-0.2,-15.7,3.17,0.6,5.3,3.5,2.0,5.7
2009年02月,1.16,-0.9,-20.5,4.61,-2.5,-2.5,4.14,-4.4,-7.2,6.17,-12.4,-2.4,6.28,-3.5,-1.3,4.85,0.0,-8.0,3.91,-2.7,-5.6,3.82,-0.3,-11.0,4.95,2.3,-22.2,7.66,-1.9,-25.2,4.52,3.2,-2.8,1.9,1.1,5.6,2.06,2.0,7.3,1.9,2.7,11.1,1.58,0.0,-6.5,4.84,-1.4,-5.3,3.15,0.3,5.7,3.43,0.6,3.6,1.9,1.1,5.6,2.06,2.0,7.3,1.9,2.7,11.1,1.58,0.0,-6.5,4.84,-1.4,-5.3,3.15,0.3,5.7,3.43,0.6,3.6
2009年01月,1.17,3.5,-4.9,4.73,31.8,21.9,4.33,33.2,12.8,7.04,61.8,45.8,6.51,35.1,33.1,4.85,1.5,-3.8,4.02,1.0,4.1,3.83,-2.3,-5.7,4.84,-1.6,-23.1,7.81,-7.8,-22.4,4.38,-0.5,1.9,1.88,-0.5,5.0,2.02,1.0,5.8,1.85,1.6,7.6,1.58,-1.3,-7.6,4.91,-1.8,-1.4,3.14,1.0,6.1,3.41,1.5,3.0,1.88,-0.5,5.0,2.02,1.0,5.8,1.85,1.6,7.6,1.58,-1.3,-7.6,4.91,-1.8,-1.4,3.14,1.0,6.1,3.41,1.5,3.0
2008年12月,1.13,-8.1,-9.6,3.59,16.6,2.3,3.25,8.3,-5.0,4.35,30.2,-2.5,4.82,16.1,6.4,4.78,-2.4,-0.2,3.98,-3.2,10.9,3.92,-8.6,-1.3,4.92,-3.1,-22.2,8.47,-9.4,-12.2,4.4,-2.7,9.2,1.89,-0.5,7.4,2.0,-2.4,3.6,1.82,1.1,7.1,1.6,-5.3,-3.6,5.0,-5.3,3.5,3.11,-1.0,6.5,3.36,-0.9,1.5,1.89,-0.5,7.4,2.0,-2.4,3.6,1.82,1.1,7.1,1.6,-5.3,-3.6,5.0,-5.3,3.5,3.11,-1.0,6.5,3.36,-0.9,1.5
2008年11月,1.23,-20.1,-11.5,3.08,19.8,-7.5,3.0,9.5,-7.7,3.34,19.7,-19.5,4.15,17.6,-7.6,4.9,-6.0,4.5,4.11,3.5,19.1,4.29,-1.4,1.9,5.08,-14.9,-19.4,9.35,-7.3,1.2,4.52,-5.2,15.0,1.9,-1.0,10.5,2.05,-1.0,5.1,1.8,0.6,8.4,1.69,-4.0,4.3,5.28,-6.9,16.6,3.14,-0.6,9.4,3.39,-1.7,2.4,1.9,-1.0,10.5,2.05,-1.0,5.1,1.8,0.6,8.4,1.69,-4.0,4.3,5.28,-6.9,16.6,3.14,-0.6,9.4,3.39,-1.7,2.4
2008年10月,1.54,-10.5,-2.5,2.57,17.9,-14.9,2.74,19.7,-13.8,2.79,13.9,-16.5,3.53,9.6,-7.3,5.21,-3.7,12.8,3.97,-1.2,17.1,4.35,0.0,0.7,5.97,-1.6,-3.4,10.09,-4.0,16.4,4.77,-4.0,23.9,1.92,-1.0,12.3,2.07,-1.4,5.1,1.79,0.0,9.1,1.76,-1.7,7.3,5.67,-6.4,39.3,3.16,-0.6,10.9,3.45,-0.3,5.2,1.92,-1.0,12.3,2.07,-1.4,5.1,1.79,0.0,9.1,1.76,-1.7,7.3,5.67,-6.4,39.3,3.16,-0.6,10.9,3.45,-0.3,5.2
2008年09月,1.72,-1.7,-5.0,2.18,11.2,-1.8,2.29,10.6,-16.1,2.45,6.1,-15.2,3.22,4.9,-1.2,5.41,-3.2,13.7,4.02,4.4,21.5,4.35,-2.7,-1.1,6.07,-5.2,2.2,10.51,-2.1,23.4,4.97,-2.7,32.9,1.94,0.5,13.5,2.1,1.0,6.6,1.79,0.6,9.8,1.79,-1.1,7.8,6.06,-0.5,54.6,3.18,0.0,11.6,3.46,0.0,6.5,1.94,0.5,13.5,2.1,1.0,6.6,1.79,0.6,9.8,1.79,-1.1,7.8,6.06,-0.5,54.6,3.18,0.0,11.6,3.46,0.0,6.5
2008年08月,1.75,1.7,-13.8,1.96,12.6,-14.8,2.07,1.5,-22.5,2.31,-2.1,-14.4,3.07,10.0,-1.3,5.59,-3.6,12.7,3.85,2.4,22.6,4.47,-3.7,-1.8,6.4,-0.5,6.7,10.73,-0.7,27.6,5.11,-1.4,42.7,1.93,0.5,14.2,2.08,1.0,5.6,1.78,1.7,11.9,1.81,0.0,10.4,6.09,-0.3,57.8,3.18,1.0,12.8,3.46,0.6,6.1,1.93,0.5,14.2,2.08,1.0,5.6,1.78,1.7,11.9,1.81,0.0,10.4,6.09,-0.3,57.8,3.18,1.0,12.8,3.46,0.6,6.1
2008年07月,1.72,11.7,1.2,1.74,-1.1,-5.9,2.04,-12.4,-10.9,2.36,-13.9,-9.9,2.79,-3.8,-1.8,5.8,1.2,15.5,3.76,-6.2,26.2,4.64,1.3,13.7,6.43,1.4,9.7,10.81,0.5,33.5,5.18,2.2,48.0,1.92,0.5,14.3,2.06,0.5,6.7,1.75,1.7,12.9,1.81,0.6,11.7,6.11,0.7,62.9,3.15,0.3,13.7,3.44,0.9,7.2,1.92,0.5,14.3,2.06,0.5,6.7,1.75,1.7,12.9,1.81,0.6,11.7,6.11,0.7,62.9,3.15,0.3,13.7,3.44,0.9,7.2
2008年06月,1.54,2.0,0.0,1.76,-21.8,1.1,2.33,-30.0,11.0,2.74,-27.5,2.6,2.9,-30.5,8.2,5.73,4.4,20.6,4.01,-4.3,27.7,4.58,1.8,11.2,6.34,0.3,11.4,10.76,0.3,35.0,5.07,2.6,50.4,1.91,1.1,15.1,2.05,1.5,7.3,1.72,-0.6,11.0,1.8,1.7,13.2,6.07,1.3,63.6,3.14,1.0,13.4,3.41,1.2,6.2,1.91,1.1,15.1,2.05,1.5,7.3,1.72,-0.6,11.0,1.8,1.7,13.2,6.07,1.3,63.6,3.14,1.0,13.4,3.41,1.2,6.2
2008年05月,1.51,-3.8,11.0,2.25,-32.8,1.8,3.33,-18.2,25.2,3.78,-27.2,9.9,4.17,-23.9,16.8,5.49,1.1,21.2,4.19,-2.1,18.7,4.5,2.0,9.2,6.32,-0.5,11.5,10.73,0.6,38.1,4.94,0.0,62.0,1.89,2.7,15.2,2.02,5.8,6.3,1.73,0.0,10.9,1.77,2.3,15.7,5.99,2.2,65.0,3.11,2.6,13.9,3.37,2.7,6.3,1.89,2.7,15.2,2.02,5.8,6.3,1.73,0.0,10.9,1.77,2.3,15.7,5.99,2.2,65.0,3.11,2.6,13.9,3.37,2.7,6.3
2008年04月,1.57,19.8,14.6,3.35,-21.2,19.2,4.07,-3.1,25.2,5.19,-14.5,15.3,5.48,-18.0,22.9,5.43,3.4,22.9,4.28,5.2,16.0,4.41,1.1,3.8,6.35,1.1,9.1,10.67,1.5,40.2,4.94,-1.8,64.7,1.84,0.5,15.7,1.91,-1.5,1.6,1.73,0.0,10.9,1.73,1.8,14.6,5.86,2.3,62.3,3.03,0.7,12.2,3.28,-0.9,3.8,1.84,0.5,15.7,1.91,-1.5,1.6,1.73,0.0,10.9,1.73,1.8,14.6,5.86,2.3,62.3,3.03,0.7,12.2,3.28,-0.9,3.8
2008年03月,1.31,-10.3,22.4,4.25,-10.1,19.7,4.2,-5.8,25.7,6.07,-4.0,32.2,6.68,5.0,40.6,5.25,-0.4,19.3,4.07,-1.7,2.0,4.36,1.6,2.3,6.28,-1.3,9.8,10.51,2.6,40.5,5.03,8.2,67.7,1.83,1.7,13.0,1.94,1.0,2.6,1.73,1.2,10.2,1.7,0.6,13.3,5.73,12.1,60.1,3.01,1.0,11.1,3.31,0.0,4.1,1.83,1.7,13.0,1.94,1.0,2.6,1.73,1.2,10.2,1.7,0.6,13.3,5.73,12.1,60.1,3.01,1.0,11.1,3.31,0.0,4.1
2008年02月,1.46,18.7,47.5,4.73,21.9,25.5,4.46,16.1,23.5,6.32,30.8,45.3,6.36,30.1,28.7,5.27,4.6,20.3,4.14,7.3,6.2,4.29,5.7,1.2,6.36,1.1,12.2,10.24,1.7,37.4,4.65,8.1,57.1,1.8,0.6,11.8,1.92,0.5,1.6,1.71,-0.6,8.9,1.69,-1.2,13.4,5.11,2.6,43.1,2.98,0.7,10.0,3.31,0.0,3.1,1.8,0.6,11.8,1.92,0.5,1.6,1.71,-0.6,8.9,1.69,-1.2,13.4,5.11,2.6,43.1,2.98,0.7,10.0,3.31,0.0,3.1
2008年01月,1.23,-1.6,25.5,3.88,10.5,19.4,3.84,12.3,23.1,4.83,8.3,37.6,4.89,7.9,22.3,5.04,5.2,19.1,3.86,7.5,9.0,4.06,2.3,0.7,6.29,-0.5,12.3,10.07,4.4,37.4,4.3,6.7,47.3,1.79,1.7,11.9,1.91,-1.0,1.6,1.72,1.2,8.2,1.71,3.0,15.5,4.98,3.1,39.9,2.96,1.4,9.6,3.31,0.0,3.1,1.79,1.7,11.9,1.91,-1.0,1.6,1.72,1.2,8.2,1.71,3.0,15.5,4.98,3.1,39.9,2.96,1.4,9.6,3.31,0.0,3.1
2007年12月,1.25,-10.1,20.2,3.51,5.4,8.0,3.42,5.2,11.0,4.46,7.5,37.7,4.53,0.9,24.8,4.79,2.1,12.4,3.59,4.1,3.8,3.97,-5.7,0.0,6.32,0.3,17.5,9.65,4.4,32.6,4.03,2.5,36.6,1.76,2.3,11.4,1.93,-1.0,2.7,1.7,2.4,8.3,1.66,2.5,13.7,4.83,6.6,35.7,2.92,1.7,9.4,3.31,0.0,3.1,1.76,2.3,11.4,1.93,-1.0,2.7,1.7,2.4,8.3,1.66,2.5,13.7,4.83,6.6,35.7,2.92,1.7,9.4,3.31,0.0,3.1
2007年11月,1.39,-12.0,41.8,3.33,10.3,42.3,3.25,2.2,31.0,4.15,24.3,57.8,4.49,17.8,43.9,4.69,1.5,11.7,3.45,1.8,2.1,4.21,-2.5,1.0,6.3,1.9,18.0,9.24,6.6,30.5,3.93,2.1,46.6,1.72,0.6,12.4,1.95,-1.0,6.0,1.66,1.2,9.2,1.62,-1.2,16.5,4.53,11.3,30.9,2.87,0.7,10.4,3.31,0.9,6.4,1.72,0.6,12.4,1.95,-1.0,6.0,1.66,1.2,9.2,1.62,-1.2,16.5,4.53,11.3,30.9,2.87,0.7,10.4,3.31,0.9,6.4
2007年10月,1.58,-12.7,43.6,3.02,36.0,55.7,3.18,16.5,42.0,3.34,15.6,41.5,3.81,16.9,45.4,4.62,-2.9,5.2,3.39,2.4,-1.5,4.32,-1.8,3.1,6.18,4.0,15.7,8.67,1.8,24.4,3.85,2.9,44.7,1.71,0.0,12.5,1.97,0.0,6.5,1.64,0.6,11.6,1.64,-1.2,18.8,4.07,3.8,17.3,2.85,0.0,10.0,3.28,0.9,5.8,1.71,0.0,12.5,1.97,0.0,6.5,1.64,0.6,11.6,1.64,-1.2,18.8,4.07,3.8,17.3,2.85,0.0,10.0,3.28,0.9,5.8
2007年09月,1.81,-10.8,8.4,2.22,-3.5,2.3,2.73,2.2,22.4,2.89,7.0,28.4,3.26,4.8,7.2,4.76,-4.0,-0.4,3.31,5.4,-2.1,4.4,-3.3,0.5,5.94,-1.0,7.0,8.52,1.3,21.9,3.74,4.5,42.2,1.71,1.2,12.5,1.97,0.0,5.9,1.63,2.5,12.4,1.66,1.2,17.7,3.92,1.6,13.0,2.85,1.1,11.8,3.25,-0.3,5.2,1.71,1.2,12.5,1.97,0.0,5.9,1.63,2.5,12.4,1.66,1.2,17.7,3.92,1.6,13.0,2.85,1.1,11.8,3.25,-0.3,5.2
2007年08月,2.03,19.4,35.3,2.3,24.3,35.3,2.67,16.6,52.6,2.7,3.1,38.5,3.11,9.5,22.4,4.96,-1.2,-6.1,3.14,5.4,-7.9,4.55,11.5,4.4,6.0,2.4,7.9,8.41,3.8,20.0,3.58,2.3,37.7,1.69,0.6,11.9,1.97,2.1,7.1,1.59,2.6,8.9,1.64,1.2,15.5,3.86,2.9,10.9,2.82,1.8,10.6,3.26,1.6,6.2,1.69,0.6,11.9,1.97,2.1,7.1,1.59,2.6,8.9,1.64,1.2,15.5,3.86,2.9,10.9,2.82,1.8,10.6,3.26,1.6,6.2
2007年07月,1.7,10.4,31.8,1.85,6.3,35.0,2.29,9.0,44.9,2.62,-1.9,39.4,2.84,6.0,27.9,5.02,5.7,-14.2,2.98,-5.1,-15.6,4.08,-1.0,-8.1,5.86,3.0,4.6,8.1,1.6,16.7,3.5,3.9,35.7,1.68,1.2,11.3,1.93,1.0,5.5,1.55,0.0,5.4,1.62,1.9,14.1,3.75,1.1,7.8,2.77,0.0,9.1,3.21,0.0,5.6,1.68,1.2,11.3,1.93,1.0,5.5,1.55,0.0,5.4,1.62,1.9,14.1,3.75,1.1,7.8,2.77,0.0,9.1,3.21,0.0,5.6
2007年06月,1.54,13.2,19.4,1.74,-21.3,9.4,2.1,-21.1,4.0,2.67,-22.4,14.1,2.68,-24.9,7.2,4.75,4.9,-17.8,3.14,-11.0,-19.9,4.12,0.0,-8.0,5.69,0.4,2.0,7.97,2.6,16.5,3.37,10.5,32.2,1.66,1.2,9.9,1.91,0.5,4.9,1.55,-0.6,6.9,1.59,3.9,14.4,3.71,2.2,6.0,2.77,1.5,9.5,3.21,1.3,6.3,1.66,1.2,9.9,1.91,0.5,4.9,1.55,-0.6,6.9,1.59,3.9,14.4,3.71,2.2,6.0,2.77,1.5,9.5,3.21,1.3,6.3
2007年05月,1.36,-0.7,-3.5,2.21,-21.4,5.2,2.66,-18.2,-3.3,3.44,-23.6,4.9,3.57,-20.0,3.5,4.53,2.5,-15.0,3.53,-4.3,-13.7,4.12,-3.1,-6.8,5.67,-2.6,1.8,7.77,2.1,16.1,3.05,1.7,17.3,1.64,3.1,9.3,1.9,1.1,4.4,1.56,0.0,6.8,1.53,1.3,13.3,3.63,0.6,4.3,2.73,1.1,8.3,3.17,0.3,5.3,1.64,3.1,9.3,1.9,1.1,4.4,1.56,0.0,6.8,1.53,1.3,13.3,3.63,0.6,4.3,2.73,1.1,8.3,3.17,0.3,5.3
2007年04月,1.37,28.0,-12.7,2.81,-20.8,-0.4,3.25,-2.7,-3.0,4.5,-2.0,6.9,4.46,-6.1,6.2,4.42,0.5,-3.9,3.69,-7.5,-6.8,4.25,-0.2,2.4,5.82,1.7,3.7,7.61,1.7,15.7,3.0,0.0,12.4,1.59,-1.9,6.0,1.88,-0.5,3.3,1.56,-0.6,6.8,1.51,0.7,15.3,3.61,0.8,4.0,2.7,-0.4,7.1,3.16,-0.6,4.6,1.59,-1.9,6.0,1.88,-0.5,3.3,1.56,-0.6,6.8,1.51,0.7,15.3,3.61,0.8,4.0,2.7,-0.4,7.1,3.16,-0.6,4.6
2007年03月,1.07,8.1,-14.4,3.55,-5.8,7.9,3.34,-7.5,-8.5,4.59,5.5,4.3,4.75,-3.8,5.1,4.4,0.5,5.0,3.99,2.3,7.0,4.26,0.5,11.5,5.72,0.9,2.5,7.48,0.4,14.2,3.0,1.4,12.8,1.62,0.6,8.0,1.89,0.0,3.8,1.57,0.0,7.5,1.5,0.7,15.4,3.58,0.3,2.6,2.71,0.0,7.5,3.18,-0.9,5.3,1.62,0.6,8.0,1.89,0.0,3.8,1.57,0.0,7.5,1.5,0.7,15.4,3.58,0.3,2.6,2.71,0.0,7.5,3.18,-0.9,5.3
2007年02月,0.99,1.0,-22.0,3.77,16.0,5.0,3.61,15.7,1.1,4.35,23.9,0.5,4.94,23.5,13.6,4.38,3.5,7.6,3.9,10.2,8.9,4.24,5.2,13.1,5.67,1.3,1.4,7.45,1.6,13.2,2.96,1.4,13.0,1.61,0.6,9.5,1.89,0.5,4.4,1.57,-1.3,8.3,1.49,0.7,16.4,3.57,0.3,2.3,2.71,0.4,8.0,3.21,0.0,6.6,1.61,0.6,9.5,1.89,0.5,4.4,1.57,-1.3,8.3,1.49,0.7,16.4,3.57,0.3,2.3,2.71,0.4,8.0,3.21,0.0,6.6
2007年01月,0.98,-5.8,-24.6,3.25,0.0,-22.4,3.12,1.3,-22.2,3.51,8.3,-24.2,4.0,10.2,-8.7,4.23,-0.7,7.1,3.54,2.3,-0.8,4.03,1.5,9.5,5.6,4.1,-0.2,7.33,0.7,10.9,2.92,-1.0,12.3,1.6,1.3,8.1,1.88,0.0,3.9,1.59,1.3,8.9,1.48,1.4,16.5,3.56,0.0,2.3,2.7,1.1,7.6,3.21,0.0,6.3,1.6,1.3,8.1,1.88,0.0,3.9,1.59,1.3,8.9,1.48,1.4,16.5,3.56,0.0,2.3,2.7,1.1,7.6,3.21,0.0,6.3
2006年12月,1.04,6.1,-6.3,3.25,38.9,19.5,3.08,24.2,5.1,3.24,23.2,-2.4,3.63,16.3,4.0,4.26,1.4,16.7,3.46,2.4,1.2,3.97,-4.8,17.5,5.38,0.7,-4.4,7.28,2.8,11.8,2.95,10.1,13.0,1.58,3.3,7.5,1.88,2.2,5.0,1.57,3.3,6.8,1.46,5.0,15.9,3.56,2.9,2.9,2.67,2.7,7.7,3.21,3.2,8.1,1.58,3.3,7.5,1.88,2.2,5.0,1.57,3.3,6.8,1.46,5.0,15.9,3.56,2.9,2.9,2.67,2.7,7.7,3.21,3.2,8.1
2006年11月,0.98,-10.9,-5.8,2.34,20.6,-5.6,2.48,10.7,-2.7,2.63,11.4,-13.2,3.12,19.1,3.3,4.2,-4.3,18.0,3.38,-1.7,-2.3,4.17,-0.5,25.6,5.34,0.0,-2.6,7.08,1.6,8.4,2.68,0.8,3.9,1.53,0.7,5.5,1.84,-0.5,4.5,1.52,3.4,4.1,1.39,0.7,10.3,3.46,-0.3,0.0,2.6,0.4,5.7,3.11,0.3,5.4,1.53,0.7,5.5,1.84,-0.5,4.5,1.52,3.4,4.1,1.39,0.7,10.3,3.46,-0.3,0.0,2.6,0.4,5.7,3.11,0.3,5.4
2006年10月,1.1,-34.1,-13.4,1.94,-10.6,-11.4,2.24,0.4,-6.3,2.36,4.9,-5.6,2.62,-13.8,-5.8,4.39,-8.2,23.3,3.44,1.8,-1.1,4.19,-4.3,27.7,5.34,-3.8,-3.1,6.97,-0.3,6.7,2.66,1.1,3.5,1.52,0.0,4.8,1.85,-0.5,4.5,1.47,1.4,1.4,1.38,-2.1,7.0,3.47,0.0,-0.3,2.59,1.6,4.9,3.1,0.3,5.1,1.52,0.0,4.8,1.85,-0.5,4.5,1.47,1.4,1.4,1.38,-2.1,7.0,3.47,0.0,-0.3,2.59,1.6,4.9,3.1,0.3,5.1
2006年09月,1.67,11.3,18.4,2.17,27.6,26.9,2.23,27.4,7.2,2.25,15.4,1.8,3.04,19.7,18.8,4.78,-9.5,26.1,3.38,-0.9,-3.4,4.38,0.5,31.1,5.55,-0.2,5.1,6.99,-0.3,6.1,2.63,1.2,3.5,1.52,0.7,4.1,1.86,1.1,3.9,1.45,-0.7,-1.4,1.41,-0.7,6.8,3.47,-0.3,-1.1,2.55,0.0,3.2,3.09,0.7,5.1,1.52,0.7,4.1,1.86,1.1,3.9,1.45,-0.7,-1.4,1.41,-0.7,6.8,3.47,-0.3,-1.1,2.55,0.0,3.2,3.09,0.7,5.1
2006年08月,1.5,16.3,0.7,1.7,24.1,3.7,1.75,10.8,-9.8,1.95,3.7,-3.9,2.54,14.4,5.0,5.28,-9.7,37.9,3.41,-3.4,6.6,4.36,-1.8,34.2,5.56,-0.7,9.0,7.01,1.0,6.5,2.6,0.8,3.2,1.51,0.0,3.4,1.84,0.5,3.4,1.46,-0.7,-0.7,1.42,0.0,8.4,3.48,0.0,-2.2,2.55,0.4,3.7,3.07,1.0,4.8,1.51,0.0,3.4,1.84,0.5,3.4,1.46,-0.7,-0.7,1.42,0.0,8.4,3.48,0.0,-2.2,2.55,0.4,3.7,3.07,1.0,4.8
2006年07月,1.29,0.0,-14.0,1.37,-13.8,-8.1,1.58,-21.8,-9.2,1.88,-19.7,-5.1,2.22,-11.2,-1.3,5.85,1.2,57.7,3.53,-9.9,15.0,4.44,-0.9,34.5,5.6,0.4,8.9,6.94,1.5,6.1,2.58,1.2,3.2,1.51,0.0,2.0,1.83,0.5,2.2,1.47,1.4,0.7,1.42,2.2,8.4,3.48,-0.6,-2.2,2.54,0.4,2.4,3.04,0.7,4.1,1.51,0.0,2.0,1.83,0.5,2.2,1.47,1.4,0.7,1.42,2.2,8.4,3.48,-0.6,-2.2,2.54,0.4,2.4,3.04,0.7,4.1
2006年06月,1.29,-8.5,-1.5,1.59,-24.3,22.3,2.02,-26.5,23.2,2.34,-28.7,15.3,2.5,-27.5,28.2,5.78,8.4,68.5,3.92,-4.2,28.5,4.48,1.4,37.0,5.58,0.2,11.2,6.84,2.2,4.3,2.55,-1.9,0.0,1.51,0.7,1.3,1.82,0.0,1.1,1.45,-0.7,-2.0,1.39,3.0,6.1,3.5,0.6,-2.8,2.53,0.4,0.8,3.02,0.3,3.1,1.51,0.7,1.3,1.82,0.0,1.1,1.45,-0.7,-2.0,1.39,3.0,6.1,3.5,0.6,-2.8,2.53,0.4,0.8,3.02,0.3,3.1
2006年05月,1.41,-10.2,7.6,2.1,-25.5,11.1,2.75,-17.9,13.6,3.28,-22.1,10.4,3.45,-17.9,6.5,5.33,15.9,63.0,4.09,3.3,30.3,4.42,6.5,36.8,5.57,-0.7,13.4,6.69,1.7,1.7,2.6,-2.6,-6.5,1.5,0.0,-3.2,1.82,0.0,1.1,1.46,0.0,-5.8,1.35,3.1,2.3,3.48,0.3,-4.4,2.52,0.0,-0.8,3.01,-0.3,2.7,1.5,0.0,-3.2,1.82,0.0,1.1,1.46,0.0,-5.8,1.35,3.1,2.3,3.48,0.3,-4.4,2.52,0.0,-0.8,3.01,-0.3,2.7
2006年04月,1.57,25.6,31.9,2.82,-14.3,6.0,3.35,-8.2,17.5,4.21,-4.3,6.6,4.2,-7.1,8.8,4.6,9.8,42.4,3.96,6.2,23.0,4.15,8.6,28.5,5.61,0.5,18.1,6.58,0.5,-0.9,2.67,0.4,-6.3,1.5,0.0,-3.8,1.82,0.0,0.6,1.46,0.0,-7.6,1.31,0.8,-1.5,3.47,-0.6,-5.4,2.52,0.0,-1.6,3.02,0.0,3.1,1.5,0.0,-3.8,1.82,0.0,0.6,1.46,0.0,-7.6,1.31,0.8,-1.5,3.47,-0.6,-5.4,2.52,0.0,-1.6,3.02,0.0,3.1
2006年03月,1.25,-1.6,31.6,3.29,-8.4,0.9,3.65,2.2,34.7,4.4,1.6,20.2,4.52,3.9,9.4,4.19,2.9,27.4,3.73,4.2,13.4,3.82,1.9,17.5,5.58,-0.2,13.6,6.55,-0.5,-1.5,2.66,1.5,-7.0,1.5,2.0,-3.8,1.82,0.6,2.2,1.46,0.7,-7.0,1.3,1.6,-1.5,3.49,0.0,-5.9,2.52,0.4,-1.9,3.02,0.3,2.4,1.5,2.0,-3.8,1.82,0.6,2.2,1.46,0.7,-7.0,1.3,1.6,-1.5,3.49,0.0,-5.9,2.52,0.4,-1.9,3.02,0.3,2.4
2006年02月,1.27,-2.3,29.6,3.59,-14.3,-3.2,3.57,-11.0,19.4,4.33,-6.5,13.6,4.35,-0.7,5.1,4.07,3.0,21.9,3.58,0.3,5.3,3.75,1.9,15.0,5.59,-0.4,17.7,6.58,-0.5,-1.9,2.62,0.8,-7.7,1.47,-0.7,-5.2,1.81,0.0,2.8,1.45,-0.7,-7.6,1.28,0.8,-2.3,3.49,0.3,-5.9,2.51,0.0,-1.6,3.01,-0.3,2.7,1.47,-0.7,-5.2,1.81,0.0,2.8,1.45,-0.7,-7.6,1.28,0.8,-2.3,3.49,0.3,-5.9,2.51,0.0,-1.6,3.01,-0.3,2.7
2006年01月,1.3,17.1,80.6,4.19,54.0,58.1,4.01,36.9,61.0,4.63,39.5,48.9,4.38,25.5,28.1,3.95,8.2,21.9,3.57,4.4,10.2,3.68,8.9,17.2,5.61,-0.4,20.4,6.61,1.5,-1.2,2.6,-0.4,-8.8,1.48,0.7,-4.5,1.81,1.1,3.4,1.46,-0.7,-6.4,1.27,0.8,-3.1,3.48,0.6,-7.0,2.51,1.2,-0.8,3.02,1.7,4.5,1.48,0.7,-4.5,1.81,1.1,3.4,1.46,-0.7,-6.4,1.27,0.8,-3.1,3.48,0.6,-7.0,2.51,1.2,-0.8,3.02,1.7,4.5
2005年12月,1.11,6.7,70.8,2.72,9.7,15.3,2.93,14.9,36.3,3.32,9.6,24.3,3.49,15.6,15.2,3.65,2.5,15.1,3.42,-1.2,6.9,3.38,1.8,3.7,5.63,2.7,20.8,6.51,-0.3,-3.1,2.61,1.2,-9.1,1.47,1.4,-4.5,1.79,1.7,2.9,1.47,0.7,-5.8,1.26,0.0,-5.3,3.46,0.0,-8.2,2.48,0.8,-1.2,2.97,0.7,2.8,1.47,1.4,-4.5,1.79,1.7,2.9,1.47,0.7,-5.8,1.26,0.0,-5.3,3.46,0.0,-8.2,2.48,0.8,-1.2,2.97,0.7,2.8
2005年11月,1.04,-18.1,44.4,2.48,13.2,26.5,2.55,6.7,23.8,3.03,21.2,31.2,3.02,8.6,19.8,3.56,0.0,10.6,3.46,-0.6,9.1,3.32,1.2,-2.4,5.48,-0.5,16.1,6.53,0.0,-3.5,2.58,0.4,-10.1,1.45,0.0,-5.8,1.76,-0.6,1.1,1.46,0.7,-6.4,1.26,-2.3,-8.0,3.46,-0.6,-8.5,2.46,-0.4,-2.4,2.95,0.0,1.7,1.45,0.0,-5.8,1.76,-0.6,1.1,1.46,0.7,-6.4,1.26,-2.3,-8.0,3.46,-0.6,-8.5,2.46,-0.4,-2.4,2.95,0.0,1.7
2005年10月,1.27,-9.9,41.1,2.19,28.1,21.7,2.39,14.9,16.6,2.5,13.1,12.1,2.78,8.6,24.1,3.56,-6.1,8.2,3.48,-0.6,8.1,3.28,-1.8,-8.1,5.51,4.4,11.8,6.53,-0.9,-4.7,2.57,1.2,-11.1,1.45,-0.7,-6.5,1.77,-1.1,-0.6,1.45,-1.4,-8.2,1.29,-2.3,-9.8,3.48,-0.9,-11.5,2.47,0.0,-3.5,2.95,0.3,-0.3,1.45,-0.7,-6.5,1.77,-1.1,-0.6,1.45,-1.4,-8.2,1.29,-2.3,-9.8,3.48,-0.9,-11.5,2.47,0.0,-3.5,2.95,0.3,-0.3
2005年09月,1.41,-5.4,8.5,1.71,4.3,4.9,2.08,7.2,7.2,2.21,8.9,14.5,2.56,5.8,11.3,3.79,-1.0,3.3,3.5,9.4,5.1,3.34,2.8,-9.7,5.28,3.5,-0.8,6.59,0.2,-3.9,2.54,0.8,-13.0,1.46,0.0,-7.0,1.79,0.6,-0.6,1.47,0.0,-6.4,1.32,0.8,-9.6,3.51,-1.4,-13.1,2.47,0.4,-3.9,2.94,0.3,-1.7,1.46,0.0,-7.0,1.79,0.6,-0.6,1.47,0.0,-6.4,1.32,0.8,-9.6,3.51,-1.4,-13.1,2.47,0.4,-3.9,2.94,0.3,-1.7
2005年08月,1.49,-0.7,11.2,1.64,10.1,10.1,1.94,11.5,14.1,2.03,2.5,17.3,2.42,7.6,10.5,3.83,3.2,-2.3,3.2,4.2,-7.8,3.25,-1.5,-12.2,5.1,-0.8,-9.9,6.58,0.6,-4.6,2.52,0.8,-12.8,1.46,-1.4,-5.8,1.78,-0.6,0.6,1.47,0.7,-5.8,1.31,0.0,-9.7,3.56,0.0,-12.7,2.46,-0.8,-4.3,2.93,0.3,-1.0,1.46,-1.4,-5.8,1.78,-0.6,0.6,1.47,0.7,-5.8,1.31,0.0,-9.7,3.56,0.0,-12.7,2.46,-0.8,-4.3,2.93,0.3,-1.0
2005年07月,1.5,14.5,23.0,1.49,14.6,23.1,1.74,6.1,29.9,1.98,-2.5,25.3,2.25,15.4,23.0,3.71,8.2,-7.0,3.07,0.7,-12.5,3.3,0.9,-12.0,5.14,2.4,-10.6,6.54,-0.3,-4.7,2.5,-2.0,-13.8,1.48,-0.7,-5.7,1.79,-0.6,0.6,1.46,-1.4,-4.6,1.31,0.0,-10.3,3.56,-1.1,-13.0,2.48,-1.2,-4.2,2.92,-0.3,-1.0,1.48,-0.7,-5.7,1.79,-0.6,0.6,1.46,-1.4,-4.6,1.31,0.0,-10.3,3.56,-1.1,-13.0,2.48,-1.2,-4.2,2.92,-0.3,-1.0
2005年06月,1.31,0.0,33.7,1.3,-31.2,15.0,1.64,-32.2,18.0,2.03,-31.6,12.8,1.95,-39.8,4.8,3.43,4.9,-11.8,3.05,-2.9,-19.1,3.27,1.2,-9.7,5.02,2.2,-15.3,6.56,-0.3,-4.4,2.55,-8.3,-9.6,1.49,-3.9,-6.3,1.8,0.0,0.6,1.48,-4.5,-3.9,1.31,-0.8,-9.7,3.6,-1.1,-11.3,2.51,-1.2,-3.1,2.93,0.0,-0.3,1.49,-3.9,-6.3,1.8,0.0,0.6,1.48,-4.5,-3.9,1.31,-0.8,-9.7,3.6,-1.1,-11.3,2.51,-1.2,-3.1,2.93,0.0,-0.3
2005年05月,1.31,10.1,27.2,1.89,-28.9,18.1,2.42,-15.1,22.8,2.97,-24.8,4.6,3.24,-16.1,17.0,3.27,1.2,-10.9,3.14,-2.5,-20.3,3.23,0.0,-11.3,4.91,3.4,-19.0,6.58,-0.9,-3.1,2.78,-2.5,-2.1,1.55,-0.6,-1.9,1.8,-0.6,0.6,1.55,-1.9,0.0,1.32,-0.8,-9.0,3.64,-0.8,-9.5,2.54,-0.8,-1.9,2.93,0.0,-1.0,1.55,-0.6,-1.9,1.8,-0.6,0.6,1.55,-1.9,0.0,1.32,-0.8,-9.0,3.64,-0.8,-9.5,2.54,-0.8,-1.9,2.93,0.0,-1.0
2005年04月,1.19,25.3,6.2,2.66,-18.4,26.1,2.85,5.2,14.9,3.95,7.9,13.5,3.86,-6.5,10.9,3.23,-1.8,-6.1,3.22,-2.1,-15.3,3.23,-0.6,-8.2,4.75,-3.3,-22.5,6.64,-0.2,-1.5,2.85,-0.3,-1.0,1.56,0.0,-1.3,1.81,1.7,0.0,1.58,0.6,0.6,1.33,0.8,-7.6,3.67,-1.1,-7.6,2.56,-0.4,-1.5,2.93,-0.7,-2.7,1.56,0.0,-1.3,1.81,1.7,0.0,1.58,0.6,0.6,1.33,0.8,-7.6,3.67,-1.1,-7.6,2.56,-0.4,-1.5,2.93,-0.7,-2.7
2005年03月,0.95,-3.1,1.1,3.26,-12.1,17.7,2.71,-9.4,-2.9,3.66,-3.9,-3.2,4.13,-0.2,0.5,3.29,-1.5,3.8,3.29,-3.2,-5.7,3.25,-0.3,-7.7,4.91,3.4,-19.1,6.65,-0.9,0.3,2.86,0.7,2.5,1.56,0.6,0.0,1.78,1.1,0.0,1.57,0.0,4.7,1.32,0.8,-2.9,3.71,0.0,-0.8,2.57,0.8,0.8,2.95,0.7,3.9,1.56,0.6,0.0,1.78,1.1,0.0,1.57,0.0,4.7,1.32,0.8,-2.9,3.71,0.0,-0.8,2.57,0.8,0.8,2.95,0.7,3.9
2005年02月,0.98,36.1,12.6,3.71,40.0,34.9,2.99,20.1,-2.9,3.81,22.5,13.4,4.14,21.1,14.4,3.34,3.1,7.4,3.4,4.9,-1.7,3.26,3.8,-4.7,4.75,1.9,-20.7,6.71,0.3,3.4,2.84,-0.4,2.5,1.55,0.0,21.1,1.76,0.6,22.2,1.57,0.6,16.3,1.31,0.0,1.6,3.71,-0.8,4.2,2.55,0.8,22.0,2.93,1.4,24.2,1.55,0.0,21.1,1.76,0.6,22.2,1.57,0.6,16.3,1.31,0.0,1.6,3.71,-0.8,4.2,2.55,0.8,22.0,2.93,1.4,24.2
2005年01月,0.72,10.8,-18.2,2.65,12.3,-24.9,2.49,15.8,-22.9,3.11,16.5,-11.1,3.42,12.9,-6.6,3.24,2.2,3.2,3.24,1.3,-9.2,3.14,-3.7,-11.0,4.66,0.0,-21.7,6.69,-0.4,2.1,2.85,-0.7,1.4,1.55,0.6,26.0,1.75,0.6,25.9,1.56,0.0,16.4,1.31,-1.5,1.6,3.74,-0.8,6.3,2.53,0.8,24.6,2.89,0.0,26.2,1.55,0.6,26.0,1.75,0.6,25.9,1.56,0.0,16.4,1.31,-1.5,1.6,3.74,-0.8,6.3,2.53,0.8,24.6,2.89,0.0,26.2
2004年12月,0.65,-9.7,-27.0,2.36,20.4,-18.1,2.15,4.4,-22.1,2.67,15.6,-7.0,3.03,20.2,-1.6,3.17,-1.6,4.6,3.2,0.9,-4.5,3.26,-4.1,-6.3,4.66,-1.3,-20.7,6.72,-0.7,6.2,2.87,0.0,1.1,1.54,0.0,27.3,1.74,0.0,27.9,1.56,0.0,16.4,1.33,-2.9,3.9,3.77,-0.3,11.5,2.51,-0.4,25.5,2.89,-0.3,29.0,1.54,0.0,27.3,1.74,0.0,27.9,1.56,0.0,16.4,1.33,-2.9,3.9,3.77,-0.3,11.5,2.51,-0.4,25.5,2.89,-0.3,29.0
2004年11月,0.72,-20.0,-21.7,1.96,8.9,-15.9,2.06,0.5,-17.3,2.31,3.6,-12.2,2.52,12.5,-4.9,3.22,-2.1,4.9,3.17,-1.6,-4.2,3.4,-4.8,-1.2,4.72,-4.3,-24.8,6.77,-1.2,9.0,2.87,-0.7,0.0,1.54,-0.6,29.4,1.74,-2.2,27.9,1.56,-1.3,23.8,1.37,-4.2,9.6,3.78,-3.8,11.2,2.52,-1.6,27.3,2.9,-2.0,28.9,1.54,-0.6,29.4,1.74,-2.2,27.9,1.56,-1.3,23.8,1.37,-4.2,9.6,3.78,-3.8,11.2,2.52,-1.6,27.3,2.9,-2.0,28.9
2004年10月,0.9,-30.8,-11.8,1.8,10.4,-7.2,2.05,5.7,-4.2,2.23,15.5,-0.4,2.24,-2.6,-2.6,3.29,-10.4,4.1,3.22,-3.3,2.2,3.57,-3.5,-2.7,4.93,-7.3,-16.4,6.85,-0.1,17.5,2.89,-1.0,13.8,1.55,-1.3,44.9,1.78,-1.1,43.5,1.58,0.6,38.6,1.43,-2.1,23.3,3.93,-2.7,28.4,2.56,-0.4,42.2,2.96,-1.0,45.8,1.55,-1.3,44.9,1.78,-1.1,43.5,1.58,0.6,38.6,1.43,-2.1,23.3,3.93,-2.7,28.4,2.56,-0.4,42.2,2.96,-1.0,45.8
2004年09月,1.3,-3.0,9.2,1.63,9.4,6.5,1.94,14.1,12.8,1.93,11.6,-0.5,2.3,5.0,8.5,3.67,-6.4,3.1,3.33,-4.0,5.7,3.7,0.0,-7.0,5.32,-6.0,9.7,6.86,-0.6,21.0,2.92,1.0,19.7,1.57,1.3,49.5,1.8,1.7,52.5,1.57,0.6,42.7,1.46,0.7,25.9,4.04,-1.0,37.4,2.57,0.0,45.2,2.99,1.0,51.0,1.57,1.3,49.5,1.8,1.7,52.5,1.57,0.6,42.7,1.46,0.7,25.9,4.04,-1.0,37.4,2.57,0.0,45.2,2.99,1.0,51.0
2004年08月,1.34,9.8,16.5,1.49,23.1,8.0,1.7,26.9,17.2,1.73,9.5,8.8,2.19,19.7,19.7,3.92,-1.8,1.6,3.47,-1.1,17.6,3.7,-1.3,2.2,5.66,-1.6,26.9,6.9,0.6,22.1,2.89,-0.3,21.4,1.55,-1.3,47.6,1.77,-0.6,51.3,1.56,2.0,44.4,1.45,-0.7,26.1,4.08,-0.2,38.8,2.57,-0.8,46.9,2.96,0.3,50.3,1.55,-1.3,47.6,1.77,-0.6,51.3,1.56,2.0,44.4,1.45,-0.7,26.1,4.08,-0.2,38.8,2.57,-0.8,46.9,2.96,0.3,50.3
2004年07月,1.22,24.5,29.8,1.21,7.1,36.0,1.34,-3.6,24.1,1.58,-12.2,18.8,1.83,-1.6,33.6,3.99,2.6,4.2,3.51,-6.9,21.0,3.75,3.6,11.3,5.75,-3.0,30.1,6.86,0.0,23.4,2.9,2.8,22.9,1.57,-1.3,51.0,1.78,-0.6,53.4,1.53,-0.6,41.7,1.46,0.7,29.2,4.09,0.7,40.5,2.59,0.0,48.0,2.95,0.3,50.5,1.57,-1.3,51.0,1.78,-0.6,53.4,1.53,-0.6,41.7,1.46,0.7,29.2,4.09,0.7,40.5,2.59,0.0,48.0,2.95,0.3,50.5
2004年06月,0.98,-4.9,18.1,1.13,-29.4,22.8,1.39,-29.4,3.0,1.8,-36.6,9.8,1.86,-32.9,22.4,3.89,6.0,6.6,3.77,-4.3,26.5,3.62,-0.5,4.6,5.93,-2.1,36.6,6.86,1.0,22.5,2.82,-0.7,23.7,1.59,0.6,52.9,1.79,0.0,54.3,1.54,-0.6,41.3,1.45,0.0,27.2,4.06,1.0,40.0,2.59,0.0,48.9,2.94,-0.7,50.8,1.59,0.6,52.9,1.79,0.0,54.3,1.54,-0.6,41.3,1.45,0.0,27.2,4.06,1.0,40.0,2.59,0.0,48.9,2.94,-0.7,50.8
2004年05月,1.03,-8.0,7.3,1.6,-24.2,15.1,1.97,-20.6,-1.0,2.84,-18.4,15.0,2.77,-20.4,14.5,3.67,6.7,7.3,3.94,3.7,29.2,3.64,3.4,13.4,6.06,-1.1,36.5,6.79,0.7,22.6,2.84,-1.4,25.7,1.58,0.0,50.5,1.79,-1.1,55.7,1.55,-1.3,40.9,1.45,0.7,28.3,4.02,1.3,38.1,2.59,-0.4,49.7,2.96,-1.7,50.3,1.58,0.0,50.5,1.79,-1.1,55.7,1.55,-1.3,40.9,1.45,0.7,28.3,4.02,1.3,38.1,2.59,-0.4,49.7,2.96,-1.7,50.3
2004年04月,1.12,19.1,-17.6,2.11,-23.8,-11.3,2.48,-11.1,-12.1,3.48,-7.9,-11.7,3.48,-15.3,-3.1,3.44,8.5,7.8,3.8,8.9,21.8,3.52,0.0,9.3,6.13,1.0,40.0,6.74,1.7,24.6,2.88,3.2,35.8,1.58,1.3,51.9,1.81,1.7,53.4,1.57,4.7,42.7,1.44,5.9,30.9,3.97,6.1,38.3,2.6,2.0,50.3,3.01,6.0,52.0,1.58,1.3,51.9,1.81,1.7,53.4,1.57,4.7,42.7,1.44,5.9,30.9,3.97,6.1,38.3,2.6,2.0,50.3,3.01,6.0,52.0
2004年03月,0.94,8.0,-19.7,2.77,0.7,-2.5,2.79,-9.4,-7.6,3.78,12.5,-0.8,4.11,13.5,2.2,3.17,1.9,2.3,3.49,0.9,10.8,3.52,2.9,13.9,6.07,1.3,40.5,6.63,2.2,26.3,2.79,0.7,30.4,1.56,21.9,48.6,1.78,23.6,52.1,1.5,11.1,36.4,1.36,5.4,25.9,3.74,5.1,33.6,2.55,22.0,47.4,2.84,20.3,46.4,1.56,21.9,48.6,1.78,23.6,52.1,1.5,11.1,36.4,1.36,5.4,25.9,3.74,5.1,33.6,2.55,22.0,47.4,2.84,20.3,46.4
2004年02月,0.87,-1.1,-1.1,2.75,-22.1,-8.0,3.08,-4.6,7.3,3.36,-4.0,-2.0,3.62,-1.1,-5.0,3.11,-1.0,-0.6,3.46,-3.1,9.8,3.42,-3.1,8.6,5.99,0.7,41.6,6.49,-0.9,28.5,2.77,-1.4,21.0,1.28,4.1,21.9,1.44,3.6,27.4,1.35,0.7,20.5,1.29,0.0,21.7,3.56,1.1,31.4,2.09,3.0,20.8,2.36,3.1,19.2,1.28,4.1,21.9,1.44,3.6,27.4,1.35,0.7,20.5,1.29,0.0,21.7,3.56,1.1,31.4,2.09,3.0,20.8,2.36,3.1,19.2
2004年01月,0.88,-1.1,8.6,3.53,22.6,5.4,3.23,17.0,16.6,3.5,22.0,-2.2,3.66,18.8,1.7,3.14,3.6,-0.9,3.57,6.6,15.2,3.53,1.4,7.6,5.95,1.2,44.8,6.55,3.5,30.5,2.81,-1.1,25.4,1.23,1.7,16.0,1.39,2.2,24.1,1.34,0.0,18.6,1.29,0.8,22.9,3.52,4.1,29.4,2.03,1.5,17.3,2.29,2.2,16.2,1.23,1.7,16.0,1.39,2.2,24.1,1.34,0.0,18.6,1.29,0.8,22.9,3.52,4.1,29.4,2.03,1.5,17.3,2.29,2.2,16.2
2003年12月,0.89,-3.3,9.2,2.88,23.6,-5.1,2.76,10.8,15.0,2.87,9.1,25.4,3.08,16.2,6.5,3.03,-1.3,8.0,3.35,1.2,16.8,3.48,1.2,6.6,5.88,-6.4,3.1,6.33,1.9,-11.3,2.84,-1.0,4.0,1.21,1.7,-1.8,1.36,0.0,1.0,1.34,6.3,4.9,1.28,2.4,0.0,3.38,-0.6,2.6,2.0,1.0,0.9,2.24,-0.4,0.4,1.21,1.7,-1.8,1.36,0.0,1.0,1.34,6.3,4.9,1.28,2.4,0.0,3.38,-0.6,2.6,2.0,1.0,0.9,2.24,-0.4,0.4
2003年11月,0.92,-9.8,34.2,2.33,20.1,20.3,2.49,16.4,31.4,2.63,17.4,46.9,2.65,15.2,9.3,3.07,-2.8,6.1,3.31,5.1,9.1,3.44,-6.3,3.5,6.28,6.4,3.2,6.21,6.5,-10.0,2.87,13.0,4.4,1.19,11.2,-1.8,1.36,9.7,0.6,1.26,10.5,6.7,1.25,7.8,0.0,3.4,11.1,3.1,1.98,10.0,0.9,2.25,10.8,0.2,1.19,11.2,-1.8,1.36,9.7,0.6,1.26,10.5,6.7,1.25,7.8,0.0,3.4,11.1,3.1,1.98,10.0,0.9,2.25,10.8,0.2
2003年10月,1.02,-14.3,46.4,1.94,26.8,50.0,2.14,24.4,40.1,2.24,15.5,48.4,2.3,8.5,39.1,3.16,-11.2,4.3,3.15,0.0,5.6,3.67,-7.8,10.0,5.9,21.6,3.6,5.83,2.8,-10.0,2.54,4.1,4.3,1.07,1.9,-2.2,1.24,5.1,-0.3,1.14,3.6,7.2,1.16,0.0,-1.2,3.06,4.1,4.9,1.8,1.7,0.4,2.03,2.5,0.6,1.07,1.9,-2.2,1.24,5.1,-0.3,1.14,3.6,7.2,1.16,0.0,-1.2,3.06,4.1,4.9,1.8,1.7,0.4,2.03,2.5,0.6
2003年09月,1.19,3.5,19.1,1.53,10.9,30.6,1.72,18.6,-1.6,1.94,22.0,50.5,2.12,15.8,18.3,3.56,-7.8,6.6,3.15,6.8,19.9,3.98,9.9,15.2,4.85,8.7,2.8,5.67,0.4,-10.0,2.44,2.5,3.5,1.05,0.0,-2.6,1.18,0.9,-1.0,1.1,1.9,6.8,1.16,0.9,-1.6,2.94,0.0,5.4,1.77,1.1,0.2,1.98,0.5,0.8,1.05,0.0,-2.6,1.18,0.9,-1.0,1.1,1.9,6.8,1.16,0.9,-1.6,2.94,0.0,5.4,1.77,1.1,0.2,1.98,0.5,0.8
2003年08月,1.15,22.3,3.6,1.38,55.1,9.5,1.45,34.3,-9.8,1.59,19.5,32.2,1.83,33.6,13.9,3.86,0.8,3.0,2.95,1.7,21.3,3.62,7.4,12.7,4.46,0.9,1.9,5.65,1.6,-9.9,2.38,0.8,3.7,1.05,1.0,-2.2,1.17,0.9,0.6,1.08,0.0,6.4,1.15,1.8,-1.6,2.94,1.0,6.6,1.75,0.0,0.4,1.97,0.5,2.1,1.05,1.0,-2.2,1.17,0.9,0.6,1.08,0.0,6.4,1.15,1.8,-1.6,2.94,1.0,6.6,1.75,0.0,0.4,1.97,0.5,2.1
2003年07月,0.94,13.3,18.5,0.89,-3.3,19.9,1.08,-20.0,8.0,1.33,-18.9,21.9,1.37,-9.9,27.0,3.83,4.9,2.2,2.9,-2.7,20.7,3.37,-2.6,17.2,4.42,1.8,2.9,5.56,-0.7,-10.4,2.36,3.5,4.2,1.04,0.0,-2.2,1.16,0.0,1.6,1.08,-0.9,8.3,1.13,-0.9,-1.2,2.91,0.3,7.4,1.75,0.6,0.4,1.96,0.5,3.8,1.04,0.0,-2.2,1.16,0.0,1.6,1.08,-0.9,8.3,1.13,-0.9,-1.2,2.91,0.3,7.4,1.75,0.6,0.4,1.96,0.5,3.8
2003年06月,0.83,-13.5,11.5,0.92,-33.8,24.0,1.35,-32.2,7.9,1.64,-33.6,10.3,1.52,-37.2,21.3,3.65,6.7,2.8,2.98,-2.3,21.5,3.46,7.8,19.0,4.34,-2.3,3.1,5.6,1.1,-10.3,2.28,0.9,2.2,1.04,-1.0,-2.2,1.16,0.9,0.7,1.09,-0.9,6.6,1.14,0.9,0.0,2.9,-0.3,6.7,1.74,0.6,1.1,1.95,-1.0,3.8,1.04,-1.0,-2.2,1.16,0.9,0.7,1.09,-0.9,6.6,1.14,0.9,0.0,2.9,-0.3,6.7,1.74,0.6,1.1,1.95,-1.0,3.8
2003年05月,0.96,-29.4,-3.2,1.39,-41.6,1.7,1.99,-29.4,-8.5,2.47,-37.3,-9.0,2.42,-32.6,11.1,3.42,7.2,4.3,3.05,-2.2,20.1,3.21,-0.3,23.6,4.44,1.4,1.9,5.54,2.4,-7.9,2.26,6.6,3.3,1.05,1.0,-0.4,1.15,-2.5,1.0,1.1,0.0,6.0,1.13,2.7,-0.4,2.91,1.4,7.0,1.73,0.0,1.8,1.97,-0.5,3.8,1.05,1.0,-0.4,1.15,-2.5,1.0,1.1,0.0,6.0,1.13,2.7,-0.4,2.91,1.4,7.0,1.73,0.0,1.8,1.97,-0.5,3.8
2003年04月,1.36,16.2,26.8,2.38,-16.2,-1.4,2.82,-6.6,-6.6,3.94,3.4,1.0,3.59,-10.7,4.2,3.19,2.9,0.6,3.12,-1.0,3.2,3.22,4.2,21.3,4.38,1.4,1.1,5.41,3.0,-5.3,2.12,-0.9,6.3,1.04,-1.0,0.4,1.18,0.9,1.6,1.1,0.0,6.0,1.1,1.9,0.8,2.87,2.5,8.3,1.73,0.0,3.1,1.98,2.1,4.2,1.04,-1.0,0.4,1.18,0.9,1.6,1.1,0.0,6.0,1.1,1.9,0.8,2.87,2.5,8.3,1.73,0.0,3.1,1.98,2.1,4.2
2003年03月,1.17,33.0,8.5,2.84,-5.0,0.5,3.02,5.2,-10.0,3.81,11.1,-24.0,4.02,5.5,-7.9,3.1,-1.0,1.1,3.15,0.0,-7.8,3.09,-1.9,18.2,4.32,2.1,3.2,5.25,4.0,-2.6,2.14,-6.6,6.7,1.05,0.0,1.5,1.17,3.5,2.3,1.1,-1.8,8.3,1.08,1.9,3.0,2.8,3.3,8.8,1.73,0.0,4.0,1.94,-2.0,5.1,1.05,0.0,1.5,1.17,3.5,2.3,1.1,-1.8,8.3,1.08,1.9,3.0,2.8,3.3,8.8,1.73,0.0,4.0,1.94,-2.0,5.1
2003年02月,0.88,8.6,45.3,2.99,-10.7,9.4,2.87,3.6,2.5,3.43,-4.2,-15.1,3.81,5.8,7.4,3.13,-1.3,2.1,3.15,1.6,-12.3,3.15,-4.0,13.8,4.23,2.9,4.8,5.05,0.6,0.5,2.29,2.2,5.2,1.05,-0.9,2.6,1.13,0.9,2.6,1.12,-0.9,9.2,1.06,1.0,4.8,2.71,-0.4,8.3,1.73,0.0,5.6,1.98,0.5,5.5,1.05,-0.9,2.6,1.13,0.9,2.6,1.12,-0.9,9.2,1.06,1.0,4.8,2.71,-0.4,8.3,1.73,0.0,5.6,1.98,0.5,5.5
2003年01月,0.81,14.1,48.6,3.35,27.9,-24.5,2.77,20.4,5.0,3.58,43.8,-31.3,3.6,29.0,-11.2,3.17,9.3,-0.7,3.1,11.9,-20.5,3.28,15.9,3.2,4.11,-0.2,2.8,5.02,8.2,2.7,2.24,8.7,4.8,1.06,2.9,3.4,1.12,0.9,1.3,1.13,7.6,6.9,1.05,2.9,4.4,2.72,7.9,8.7,1.73,6.1,6.6,1.97,3.1,4.6,1.06,2.9,3.4,1.12,0.9,1.3,1.13,7.6,6.9,1.05,2.9,4.4,2.72,7.9,8.7,1.73,6.1,6.6,1.97,3.1,4.6
